iso_code,continent,location,date,total_cases,new_cases,new_cases_smoothed,total_deaths,new_deaths,new_deaths_smoothed,total_cases_per_million,new_cases_per_million,new_cases_smoothed_per_million,total_deaths_per_million,new_deaths_per_million,new_deaths_smoothed_per_million,reproduction_rate
IRN,Asia,Iran,2/19/2020,2,2,0,2,2,0,0.024,0.024,0,0.024,0.024,0,0
IRN,Asia,Iran,2/20/2020,5,3,0,2,0,0,0.059,0.035,0,0.024,0,0,0
IRN,Asia,Iran,2/21/2020,18,13,0,4,2,0,0.212,0.153,0,0.047,0.024,0,0
IRN,Asia,Iran,2/22/2020,28,10,0,5,1,0,0.329,0.118,0,0.059,0.012,0,0
IRN,Asia,Iran,2/23/2020,43,15,0,8,3,0,0.506,0.176,0,0.094,0.035,0,0
IRN,Asia,Iran,2/24/2020,61,18,8.714,12,4,1.714,0.717,0.212,0.102,0.141,0.047,0.02,0
IRN,Asia,Iran,2/25/2020,95,34,13.571,16,4,2.286,1.117,0.4,0.16,0.188,0.047,0.027,0
IRN,Asia,Iran,2/26/2020,139,44,19.571,19,3,2.429,1.635,0.517,0.23,0.223,0.035,0.029,0
IRN,Asia,Iran,2/27/2020,245,106,34.286,26,7,3.429,2.881,1.247,0.403,0.306,0.082,0.04,4.94
IRN,Asia,Iran,2/28/2020,388,143,52.857,34,8,4.286,4.563,1.682,0.622,0.4,0.094,0.05,4.6
IRN,Asia,Iran,2/29/2020,593,205,80.714,43,9,5.429,6.974,2.411,0.949,0.506,0.106,0.064,4.62
IRN,Asia,Iran,3/1/2020,978,385,133.571,54,11,6.571,11.502,4.528,1.571,0.635,0.129,0.077,4.82
IRN,Asia,Iran,3/2/2020,1501,523,205.714,66,12,7.714,17.653,6.151,2.419,0.776,0.141,0.091,4.52
IRN,Asia,Iran,3/3/2020,2336,835,320.143,77,11,8.714,27.473,9.82,3.765,0.906,0.129,0.102,3.97
IRN,Asia,Iran,3/4/2020,2922,586,397.571,92,15,10.429,34.365,6.892,4.676,1.082,0.176,0.123,3.04
IRN,Asia,Iran,3/5/2020,3513,591,466.857,107,15,11.571,41.315,6.951,5.491,1.258,0.176,0.136,2.56
IRN,Asia,Iran,3/6/2020,4747,1234,622.714,124,17,12.857,55.828,14.513,7.324,1.458,0.2,0.151,2.65
IRN,Asia,Iran,3/7/2020,5823,1076,747.143,145,21,14.571,68.483,12.655,8.787,1.705,0.247,0.171,2.21
IRN,Asia,Iran,3/8/2020,6566,743,798.286,194,49,20,77.221,8.738,9.388,2.282,0.576,0.235,1.62
IRN,Asia,Iran,3/9/2020,7161,595,808.571,237,43,24.429,84.219,6.998,9.509,2.787,0.506,0.287,1.38
IRN,Asia,Iran,3/10/2020,8042,881,815.143,291,54,30.571,94.58,10.361,9.587,3.422,0.635,0.36,1.39
IRN,Asia,Iran,3/11/2020,9000,958,868.286,354,63,37.429,105.847,11.267,10.212,4.163,0.741,0.44,1.59
IRN,Asia,Iran,3/12/2020,10075,1075,937.429,429,75,46,118.489,12.643,11.025,5.045,0.882,0.541,1.62
IRN,Asia,Iran,3/13/2020,11364,1289,945.286,514,85,55.714,133.649,15.16,11.117,6.045,1,0.655,1.57
IRN,Asia,Iran,3/14/2020,12729,1365,986.571,611,97,66.571,149.702,16.053,11.603,7.186,1.141,0.783,1.56
IRN,Asia,Iran,3/15/2020,13938,1209,1053.143,724,113,75.714,163.921,14.219,12.386,8.515,1.329,0.89,1.4
IRN,Asia,Iran,3/16/2020,14991,1053,1118.571,853,129,88,176.305,12.384,13.155,10.032,1.517,1.035,1.26
IRN,Asia,Iran,3/17/2020,16169,1178,1161,988,135,99.571,190.159,13.854,13.654,11.62,1.588,1.171,1.18
IRN,Asia,Iran,3/18/2020,17361,1192,1194.429,1135,147,111.571,204.178,14.019,14.047,13.348,1.729,1.312,1.21
IRN,Asia,Iran,3/19/2020,18407,1046,1190.286,1284,149,122.143,216.48,12.302,13.999,15.101,1.752,1.436,1.14
IRN,Asia,Iran,3/20/2020,19644,1237,1182.857,1433,149,131.286,231.028,14.548,13.911,16.853,1.752,1.544,1.07
IRN,Asia,Iran,3/21/2020,20610,966,1125.857,1556,123,135,242.389,11.361,13.241,18.3,1.447,1.588,1.05
IRN,Asia,Iran,3/22/2020,21638,1028,1100,1685,129,137.286,254.479,12.09,12.937,19.817,1.517,1.615,1.15
IRN,Asia,Iran,3/23/2020,23049,1411,1151.143,1812,127,137,271.073,16.594,13.538,21.31,1.494,1.611,1.37
IRN,Asia,Iran,3/24/2020,24811,1762,1234.571,1934,122,135.143,291.795,20.722,14.519,22.745,1.435,1.589,1.55
IRN,Asia,Iran,3/25/2020,27017,2206,1379.429,2077,143,134.571,317.74,25.944,16.223,24.427,1.682,1.583,1.75
IRN,Asia,Iran,3/26/2020,29406,2389,1571.286,2234,157,135.714,345.836,28.096,18.479,26.273,1.846,1.596,1.81
IRN,Asia,Iran,3/27/2020,32332,2926,1812.571,2378,144,135,380.248,34.412,21.317,27.967,1.694,1.588,1.8
IRN,Asia,Iran,3/28/2020,35408,3076,2114,2517,139,137.286,416.424,36.176,24.862,29.602,1.635,1.615,1.75
IRN,Asia,Iran,3/29/2020,38309,2901,2381.571,2640,123,136.429,450.542,34.118,28.009,31.048,1.447,1.604,1.63
IRN,Asia,Iran,3/30/2020,41495,3186,2635.143,2757,117,135,488.011,37.47,30.991,32.424,1.376,1.588,1.54
IRN,Asia,Iran,3/31/2020,44605,3110,2827.714,2898,141,137.714,524.587,36.576,33.256,34.083,1.658,1.62,1.4
IRN,Asia,Iran,4/1/2020,47593,2988,2939.429,3036,138,137,559.728,35.141,34.57,35.706,1.623,1.611,1.3
IRN,Asia,Iran,4/2/2020,50468,2875,3008.857,3160,124,132.286,593.54,33.812,35.386,37.164,1.458,1.556,1.21
IRN,Asia,Iran,4/3/2020,53183,2715,2978.714,3294,134,130.857,625.471,31.93,35.032,38.74,1.576,1.539,1.08
IRN,Asia,Iran,4/4/2020,55743,2560,2905,3452,158,133.571,655.578,30.107,34.165,40.598,1.858,1.571,1.03
IRN,Asia,Iran,4/5/2020,58226,2483,2845.286,3603,151,137.571,684.78,29.202,33.463,42.374,1.776,1.618,1
IRN,Asia,Iran,4/6/2020,60500,2274,2715,3739,136,140.286,711.524,26.744,31.93,43.973,1.599,1.65,0.92
IRN,Asia,Iran,4/7/2020,62589,2089,2569.143,3872,133,139.143,736.092,24.568,30.215,45.538,1.564,1.636,0.85
IRN,Asia,Iran,4/8/2020,64586,1997,2427.571,3993,121,136.714,759.578,23.486,28.55,46.961,1.423,1.608,0.81
IRN,Asia,Iran,4/9/2020,66220,1634,2250.286,4110,117,135.714,778.795,19.217,26.465,48.337,1.376,1.596,0.78
IRN,Asia,Iran,4/10/2020,68192,1972,2144.143,4232,122,134,801.987,23.192,25.217,49.771,1.435,1.576,0.8
IRN,Asia,Iran,4/11/2020,70029,1837,2040.857,4357,125,129.286,823.592,21.604,24.002,51.241,1.47,1.52,0.81
IRN,Asia,Iran,4/12/2020,71686,1657,1922.857,4474,117,124.429,843.079,19.488,22.614,52.617,1.376,1.463,0.8
IRN,Asia,Iran,4/13/2020,73303,1617,1829,4585,111,120.857,862.097,19.017,21.51,53.923,1.305,1.421,0.79
IRN,Asia,Iran,4/14/2020,74877,1574,1755.429,4683,98,115.857,880.608,18.511,20.645,55.075,1.153,1.363,0.77
IRN,Asia,Iran,4/15/2020,76389,1512,1686.143,4777,94,112,898.39,17.782,19.83,56.181,1.106,1.317,0.78
IRN,Asia,Iran,4/16/2020,77995,1606,1682.143,4869,92,108.429,917.278,18.888,19.783,57.263,1.082,1.275,0.81
IRN,Asia,Iran,4/17/2020,79494,1499,1614.571,4958,89,103.714,934.907,17.629,18.989,58.31,1.047,1.22,0.78
IRN,Asia,Iran,4/18/2020,80868,1374,1548.429,5031,73,96.286,951.066,16.159,18.211,59.168,0.859,1.132,0.79
IRN,Asia,Iran,4/19/2020,82211,1343,1503.571,5118,87,92,966.861,15.795,17.683,60.191,1.023,1.082,0.79
IRN,Asia,Iran,4/20/2020,83505,1294,1457.429,5209,91,89.143,982.079,15.218,17.14,61.262,1.07,1.048,0.78
IRN,Asia,Iran,4/21/2020,84802,1297,1417.857,5297,88,87.714,997.333,15.254,16.675,62.297,1.035,1.032,0.77
IRN,Asia,Iran,4/22/2020,85996,1194,1372.429,5391,94,87.714,1011.375,14.042,16.141,63.402,1.106,1.032,0.74
IRN,Asia,Iran,4/23/2020,87026,1030,1290.143,5481,90,87.429,1023.489,12.114,15.173,64.461,1.058,1.028,0.73
IRN,Asia,Iran,4/24/2020,88194,1168,1242.857,5574,93,88,1037.226,13.737,14.617,65.554,1.094,1.035,0.76
IRN,Asia,Iran,4/25/2020,89328,1134,1208.571,5650,76,88.429,1050.562,13.337,14.214,66.448,0.894,1.04,0.81
IRN,Asia,Iran,4/26/2020,90481,1153,1181.429,5710,60,84.571,1064.122,13.56,13.894,67.154,0.706,0.995,0.83
IRN,Asia,Iran,4/27/2020,91472,991,1138.143,5806,96,85.286,1075.777,11.655,13.385,68.283,1.129,1.003,0.8
IRN,Asia,Iran,4/28/2020,92584,1112,1111.714,5877,71,82.857,1088.855,13.078,13.075,69.118,0.835,0.974,0.82
IRN,Asia,Iran,4/29/2020,93657,1073,1094.429,5957,80,80.857,1101.474,12.619,12.871,70.059,0.941,0.951,0.8
IRN,Asia,Iran,4/30/2020,94640,983,1087.714,6028,71,78.143,1113.035,11.561,12.792,70.894,0.835,0.919,0.8
IRN,Asia,Iran,5/1/2020,95646,1006,1064.571,6091,63,73.857,1124.866,11.831,12.52,71.635,0.741,0.869,0.8
IRN,Asia,Iran,5/2/2020,96448,802,1017.143,6156,65,72.286,1134.299,9.432,11.962,72.399,0.764,0.85,0.83
IRN,Asia,Iran,5/3/2020,97424,976,991.857,6203,47,70.429,1145.777,11.478,11.665,72.952,0.553,0.828,0.94
IRN,Asia,Iran,5/4/2020,98647,1223,1025,6277,74,67.286,1160.16,14.383,12.055,73.822,0.87,0.791,1.07
IRN,Asia,Iran,5/5/2020,99970,1323,1055.143,6340,63,66.143,1175.72,15.559,12.409,74.563,0.741,0.778,1.19
IRN,Asia,Iran,5/6/2020,101650,1680,1141.857,6418,78,65.857,1195.478,19.758,13.429,75.48,0.917,0.775,1.26
IRN,Asia,Iran,5/7/2020,103135,1485,1213.571,6486,68,65.429,1212.943,17.465,14.272,76.28,0.8,0.769,1.23
IRN,Asia,Iran,5/8/2020,104691,1556,1292.143,6541,55,64.286,1231.242,18.3,15.197,76.927,0.647,0.756,1.2
IRN,Asia,Iran,5/9/2020,106220,1529,1396,6589,48,61.857,1249.224,17.982,16.418,77.491,0.565,0.727,1.2
IRN,Asia,Iran,5/10/2020,107603,1383,1454.143,6640,51,62.429,1265.489,16.265,17.102,78.091,0.6,0.734,1.16
IRN,Asia,Iran,5/11/2020,109286,1683,1519.857,6685,45,58.286,1285.283,19.793,17.875,78.62,0.529,0.685,1.18
IRN,Asia,Iran,5/12/2020,110767,1481,1542.429,6733,48,56.143,1302.7,17.418,18.14,79.185,0.565,0.66,1.18
IRN,Asia,Iran,5/13/2020,112725,1958,1582.143,6783,50,52.143,1325.728,23.028,18.607,79.773,0.588,0.613,1.24
IRN,Asia,Iran,5/14/2020,114533,1808,1628.286,6854,71,52.571,1346.991,21.263,19.15,80.608,0.835,0.618,1.24
IRN,Asia,Iran,5/15/2020,116635,2102,1706.286,6902,48,51.571,1371.712,24.721,20.067,81.173,0.565,0.607,1.25
IRN,Asia,Iran,5/16/2020,118392,1757,1738.857,6937,35,49.714,1392.376,20.664,20.45,81.584,0.412,0.585,1.22
IRN,Asia,Iran,5/17/2020,120198,1806,1799.286,6988,51,49.714,1413.616,21.24,21.161,82.184,0.6,0.585,1.22
IRN,Asia,Iran,5/18/2020,122492,2294,1886.571,7057,69,53.143,1440.595,26.979,22.187,82.995,0.811,0.625,1.27
IRN,Asia,Iran,5/19/2020,124603,2111,1976.571,7119,62,55.143,1465.422,24.827,23.246,83.725,0.729,0.649,1.25
IRN,Asia,Iran,5/20/2020,126949,2346,2032,7183,64,57.143,1493.012,27.591,23.898,84.477,0.753,0.672,1.23
IRN,Asia,Iran,5/21/2020,129341,2392,2115.429,7249,66,56.429,1521.144,28.132,24.879,85.254,0.776,0.664,1.21
IRN,Asia,Iran,5/22/2020,131652,2311,2145.286,7300,51,56.857,1548.323,27.179,25.23,85.853,0.6,0.669,1.13
IRN,Asia,Iran,5/23/2020,133521,1869,2161.286,7359,59,60.286,1570.304,21.981,25.418,86.547,0.694,0.709,1.09
IRN,Asia,Iran,5/24/2020,135701,2180,2214.714,7417,58,61.286,1595.942,25.638,26.047,87.229,0.682,0.721,1.08
IRN,Asia,Iran,5/25/2020,137724,2023,2176,7451,34,56.286,1619.734,23.792,25.591,87.629,0.4,0.662,1.01
IRN,Asia,Iran,5/26/2020,139511,1787,2129.714,7508,57,55.571,1640.751,21.016,25.047,88.3,0.67,0.654,0.99
IRN,Asia,Iran,5/27/2020,141591,2080,2091.714,7564,56,54.429,1665.213,24.462,24.6,88.958,0.659,0.64,1.04
IRN,Asia,Iran,5/28/2020,143849,2258,2072.571,7627,63,54,1691.769,26.556,24.375,89.699,0.741,0.635,1.11
IRN,Asia,Iran,5/29/2020,146668,2819,2145.143,7677,50,53.857,1724.922,33.153,25.228,90.287,0.588,0.633,1.21
IRN,Asia,Iran,5/30/2020,148950,2282,2204.143,7734,57,53.571,1751.76,26.838,25.922,90.957,0.67,0.63,1.21
IRN,Asia,Iran,5/31/2020,151466,2516,2252.143,7797,63,54.286,1781.35,29.59,26.487,91.698,0.741,0.638,1.23
IRN,Asia,Iran,6/1/2020,154445,2979,2388.714,7878,81,61,1816.385,35.035,28.093,92.651,0.953,0.717,1.29
IRN,Asia,Iran,6/2/2020,157562,3117,2578.714,7942,64,62,1853.044,36.658,30.328,93.404,0.753,0.729,1.3
IRN,Asia,Iran,6/3/2020,160696,3134,2729.286,8012,70,64,1889.902,36.858,32.098,94.227,0.823,0.753,1.27
IRN,Asia,Iran,6/4/2020,164270,3574,2917.286,8071,59,63.429,1931.935,42.033,34.309,94.921,0.694,0.746,1.23
IRN,Asia,Iran,6/5/2020,167156,2886,2926.857,8134,63,65.286,1965.876,33.941,34.422,95.662,0.741,0.768,1.08
IRN,Asia,Iran,6/6/2020,169425,2269,2925,8209,75,67.857,1992.561,26.685,34.4,96.544,0.882,0.798,0.98
IRN,Asia,Iran,6/7/2020,171789,2364,2903.286,8281,72,69.143,2020.363,27.802,34.145,97.391,0.847,0.813,0.91
IRN,Asia,Iran,6/8/2020,173832,2043,2769.571,8351,70,67.571,2044.391,24.027,32.572,98.214,0.823,0.795,0.84
IRN,Asia,Iran,6/9/2020,175927,2095,2623.571,8425,74,69,2069.029,24.639,30.855,99.084,0.87,0.811,0.83
IRN,Asia,Iran,6/10/2020,177938,2011,2463.143,8506,81,70.571,2092.68,23.651,28.968,100.037,0.953,0.83,0.84
IRN,Asia,Iran,6/11/2020,180156,2218,2269.429,8584,78,73.286,2118.765,26.085,26.69,100.954,0.917,0.862,0.89
IRN,Asia,Iran,6/12/2020,182525,2369,2195.571,8659,75,75,2146.627,27.861,25.822,101.836,0.882,0.882,0.97
IRN,Asia,Iran,6/13/2020,184955,2430,2218.571,8730,71,74.429,2175.205,28.579,26.092,102.671,0.835,0.875,1.04
IRN,Asia,Iran,6/14/2020,187427,2472,2234,8837,107,79.429,2204.278,29.073,26.273,103.93,1.258,0.934,1.05
IRN,Asia,Iran,6/15/2020,189876,2449,2292,8950,113,85.571,2233.08,28.802,26.956,105.259,1.329,1.006,1.04
IRN,Asia,Iran,6/16/2020,192439,2563,2358.857,9065,115,91.429,2263.222,30.143,27.742,106.611,1.352,1.075,1.05
IRN,Asia,Iran,6/17/2020,195051,2612,2444.714,9185,120,97,2293.941,30.719,28.752,108.022,1.411,1.141,1.04
IRN,Asia,Iran,6/18/2020,197647,2596,2498.714,9272,87,98.286,2324.472,30.531,29.387,109.045,1.023,1.156,1.03
IRN,Asia,Iran,6/19/2020,200262,2615,2533.857,9392,120,104.714,2355.227,30.754,29.8,110.457,1.411,1.232,1.02
IRN,Asia,Iran,6/20/2020,202584,2322,2518.429,9507,115,111,2382.535,27.308,29.619,111.809,1.352,1.305,1.01
IRN,Asia,Iran,6/21/2020,204952,2368,2503.571,9623,116,112.286,2410.384,27.849,29.444,113.173,1.364,1.321,1.01
IRN,Asia,Iran,6/22/2020,207525,2573,2521.286,9742,119,113.143,2440.645,30.26,29.652,114.573,1.4,1.331,1.02
IRN,Asia,Iran,6/23/2020,209970,2445,2504.429,9863,121,114,2469.4,28.755,29.454,115.996,1.423,1.341,1
IRN,Asia,Iran,6/24/2020,212501,2531,2492.857,9996,133,115.857,2499.166,29.766,29.318,117.56,1.564,1.363,1
IRN,Asia,Iran,6/25/2020,215096,2595,2492.714,10130,134,122.571,2529.685,30.519,29.316,119.136,1.576,1.442,1.01
IRN,Asia,Iran,6/26/2020,217724,2628,2494.571,10239,109,121,2560.592,30.907,29.338,120.418,1.282,1.423,1.03
IRN,Asia,Iran,6/27/2020,220180,2456,2513.714,10364,125,122.429,2589.477,28.884,29.563,121.888,1.47,1.44,1.03
IRN,Asia,Iran,6/28/2020,222669,2489,2531,10508,144,126.429,2618.749,29.272,29.766,123.582,1.694,1.487,1.03
IRN,Asia,Iran,6/29/2020,225205,2536,2525.714,10670,162,132.571,2648.574,29.825,29.704,125.487,1.905,1.559,1.01
IRN,Asia,Iran,6/30/2020,227662,2457,2527.429,10817,147,136.286,2677.471,28.896,29.724,127.216,1.729,1.603,0.99
IRN,Asia,Iran,7/1/2020,230211,2549,2530,10958,141,137.429,2707.449,29.978,29.755,128.874,1.658,1.616,0.99
IRN,Asia,Iran,7/2/2020,232863,2652,2538.143,11106,148,139.429,2738.638,31.189,29.85,130.615,1.741,1.64,1.01
IRN,Asia,Iran,7/3/2020,235429,2566,2529.286,11260,154,145.857,2768.816,30.178,29.746,132.426,1.811,1.715,1.01
IRN,Asia,Iran,7/4/2020,237878,2449,2528.286,11408,148,149.143,2797.618,28.802,29.734,134.166,1.741,1.754,1.02
IRN,Asia,Iran,7/5/2020,240438,2560,2538.429,11571,163,151.857,2827.726,30.107,29.854,136.083,1.917,1.786,1.04
IRN,Asia,Iran,7/6/2020,243051,2613,2549.429,11731,160,151.571,2858.456,30.731,29.983,137.965,1.882,1.783,1.03
IRN,Asia,Iran,7/7/2020,245688,2637,2575.143,11931,200,159.143,2889.469,31.013,30.286,140.317,2.352,1.872,1
IRN,Asia,Iran,7/8/2020,248379,2691,2595.429,12084,153,160.857,2921.118,31.648,30.524,142.117,1.799,1.892,0.97
IRN,Asia,Iran,7/9/2020,250458,2079,2513.571,12305,221,171.286,2945.568,24.451,29.561,144.716,2.599,2.014,0.89
IRN,Asia,Iran,7/10/2020,252720,2262,2470.143,12447,142,169.571,2972.171,26.603,29.051,146.386,1.67,1.994,0.92
IRN,Asia,Iran,7/11/2020,255117,2397,2462.714,12635,188,175.286,3000.361,28.19,28.963,148.597,2.211,2.061,0.97
IRN,Asia,Iran,7/12/2020,257303,2186,2409.286,12829,194,179.714,3026.07,25.709,28.335,150.878,2.282,2.114,0.96
IRN,Asia,Iran,7/13/2020,259652,2349,2371.571,13032,203,185.857,3053.696,27.626,27.891,153.266,2.387,2.186,0.97
IRN,Asia,Iran,7/14/2020,262173,2521,2355,13211,179,182.857,3083.345,29.649,27.697,155.371,2.105,2.151,0.98
IRN,Asia,Iran,7/15/2020,264561,2388,2311.714,13410,199,189.429,3111.43,28.085,27.187,157.711,2.34,2.228,0.97
IRN,Asia,Iran,7/16/2020,267061,2500,2371.857,13608,198,186.143,3140.831,29.402,27.895,160.04,2.329,2.189,0.98
IRN,Asia,Iran,7/17/2020,269440,2379,2388.571,13791,183,192,3168.81,27.979,28.091,162.192,2.152,2.258,0.98
IRN,Asia,Iran,7/18/2020,271606,2166,2355.571,13979,188,192,3194.284,25.474,27.703,164.403,2.211,2.258,0.97
IRN,Asia,Iran,7/19/2020,273788,2182,2355,14188,209,194.143,3219.946,25.662,27.697,166.861,2.458,2.283,0.99
IRN,Asia,Iran,7/20/2020,276202,2414,2364.286,14405,217,196.143,3248.336,28.39,27.806,169.413,2.552,2.307,1.02
IRN,Asia,Iran,7/21/2020,278827,2625,2379.143,14634,229,203.286,3279.208,30.872,27.98,172.106,2.693,2.391,1.04
IRN,Asia,Iran,7/22/2020,281413,2586,2407.429,14853,219,206.143,3309.621,30.413,28.313,174.682,2.576,2.424,1.04
IRN,Asia,Iran,7/23/2020,284034,2621,2424.714,15074,221,209.429,3340.446,30.825,28.516,177.281,2.599,2.463,1.03
IRN,Asia,Iran,7/24/2020,286523,2489,2440.429,15289,215,214,3369.719,29.272,28.701,179.81,2.529,2.517,1.02
IRN,Asia,Iran,7/25/2020,288839,2316,2461.857,15484,195,215,3396.957,27.238,28.953,182.103,2.293,2.529,1.01
IRN,Asia,Iran,7/26/2020,291172,2333,2483.429,15700,216,216,3424.394,27.438,29.207,184.643,2.54,2.54,1.01
IRN,Asia,Iran,7/27/2020,293606,2434,2486.286,15912,212,215.286,3453.02,28.626,29.241,187.137,2.493,2.532,1.02
IRN,Asia,Iran,7/28/2020,296273,2667,2492.286,16147,235,216.143,3484.386,31.366,29.311,189.9,2.764,2.542,1.03
IRN,Asia,Iran,7/29/2020,298909,2636,2499.429,16343,196,212.857,3515.387,31.001,29.395,192.206,2.305,2.503,1.03
IRN,Asia,Iran,7/30/2020,301530,2621,2499.429,16569,226,213.571,3546.212,30.825,29.395,194.863,2.658,2.512,1.04
IRN,Asia,Iran,7/31/2020,304204,2674,2525.857,16766,197,211,3577.66,31.448,29.706,197.18,2.317,2.482,1.05
IRN,Asia,Iran,8/1/2020,306752,2548,2559,16982,216,214,3607.626,29.966,30.096,199.721,2.54,2.517,1.07
IRN,Asia,Iran,8/2/2020,309437,2685,2609.286,17190,208,212.857,3639.204,31.578,30.687,202.167,2.446,2.503,1.07
IRN,Asia,Iran,8/3/2020,312035,2598,2632.714,17405,215,213.286,3669.758,30.554,30.963,204.695,2.529,2.508,1.04
IRN,Asia,Iran,8/4/2020,314786,2751,2644.714,17617,212,210,3702.112,32.354,31.104,207.189,2.493,2.47,1.02
IRN,Asia,Iran,8/5/2020,317483,2697,2653.429,17802,185,208.429,3733.831,31.719,31.206,209.364,2.176,2.451,1
IRN,Asia,Iran,8/6/2020,320117,2634,2655.286,17976,174,201,3764.809,30.978,31.228,211.411,2.046,2.364,0.97
IRN,Asia,Iran,8/7/2020,322567,2450,2623.286,18132,156,195.143,3793.622,28.814,30.852,213.245,1.835,2.295,0.93
IRN,Asia,Iran,8/8/2020,324692,2125,2562.857,18264,132,183.143,3818.614,24.992,30.141,214.798,1.552,2.154,0.9
IRN,Asia,Iran,8/9/2020,326712,2020,2467.857,18427,163,176.714,3842.371,23.757,29.024,216.715,1.917,2.078,0.89
IRN,Asia,Iran,8/10/2020,328844,2132,2401.286,18616,189,173,3867.444,25.074,28.241,218.938,2.223,2.035,0.9
IRN,Asia,Iran,8/11/2020,331189,2345,2343.286,18800,184,169,3895.023,27.579,27.559,221.102,2.164,1.988,0.94
IRN,Asia,Iran,8/12/2020,333699,2510,2316.571,18988,188,169.429,3924.543,29.519,27.245,223.313,2.211,1.993,0.98
IRN,Asia,Iran,8/13/2020,336324,2625,2315.286,19162,174,169.429,3955.415,30.872,27.229,225.359,2.046,1.993,1.01
IRN,Asia,Iran,8/14/2020,338825,2501,2322.571,19331,169,171.286,3984.828,29.414,27.315,227.347,1.988,2.014,1
IRN,Asia,Iran,8/15/2020,341070,2245,2339.714,19492,161,175.429,4011.231,26.403,27.517,229.24,1.893,2.063,0.98
IRN,Asia,Iran,8/16/2020,343203,2133,2355.857,19639,147,173.143,4036.317,25.086,27.707,230.969,1.729,2.036,0.96
IRN,Asia,Iran,8/17/2020,345450,2247,2372.286,19804,165,169.714,4062.743,26.426,27.9,232.909,1.941,1.996,0.96
IRN,Asia,Iran,8/18/2020,347835,2385,2378,19972,168,167.429,4090.792,28.049,27.967,234.885,1.976,1.969,0.96
IRN,Asia,Iran,8/19/2020,350279,2444,2368.571,20125,153,162.429,4119.536,28.743,27.856,236.685,1.799,1.91,0.96
IRN,Asia,Iran,8/20/2020,352558,2279,2319.143,20264,139,157.429,4146.338,26.803,27.275,238.319,1.635,1.851,0.94
IRN,Asia,Iran,8/21/2020,354764,2206,2277,20376,112,149.286,4172.282,25.944,26.779,239.637,1.317,1.756,0.94
IRN,Asia,Iran,8/22/2020,356792,2028,2246,20502,126,144.286,4196.133,23.851,26.415,241.118,1.482,1.697,0.95
IRN,Asia,Iran,8/23/2020,358905,2113,2243.143,20643,141,143.429,4220.984,24.85,26.381,242.777,1.658,1.687,0.97
IRN,Asia,Iran,8/24/2020,361150,2245,2242.857,20776,133,138.857,4247.386,26.403,26.378,244.341,1.564,1.633,0.97
IRN,Asia,Iran,8/25/2020,363363,2213,2218.286,20901,125,132.714,4273.413,26.026,26.089,245.811,1.47,1.561,0.95
IRN,Asia,Iran,8/26/2020,365606,2243,2189.571,21020,119,127.857,4299.792,26.379,25.751,247.21,1.4,1.504,0.94
IRN,Asia,Iran,8/27/2020,367796,2190,2176.857,21137,117,124.714,4325.548,25.756,25.601,248.586,1.376,1.467,0.94
IRN,Asia,Iran,8/28/2020,369911,2115,2163.857,21249,112,124.714,4350.422,24.874,25.449,249.904,1.317,1.467,0.92
IRN,Asia,Iran,8/29/2020,371816,1905,2146.286,21359,110,122.429,4372.826,22.404,25.242,251.197,1.294,1.44,0.9
IRN,Asia,Iran,8/30/2020,373570,1754,2095,21462,103,117,4393.455,20.628,24.639,252.409,1.211,1.376,0.86
IRN,Asia,Iran,8/31/2020,375212,1642,2008.857,21571,109,113.571,4412.766,19.311,23.626,253.691,1.282,1.336,0.82
IRN,Asia,Iran,9/1/2020,376894,1682,1933,21672,101,110.143,4432.547,19.782,22.733,254.878,1.188,1.295,0.83
IRN,Asia,Iran,9/2/2020,378752,1858,1878,21797,125,111,4454.399,21.851,22.087,256.349,1.47,1.305,0.88
IRN,Asia,Iran,9/3/2020,380746,1994,1850,21926,129,112.714,4477.85,23.451,21.757,257.866,1.517,1.326,0.96
IRN,Asia,Iran,9/4/2020,382772,2026,1837.286,22044,118,113.571,4501.677,23.827,21.608,259.253,1.388,1.336,0.99
IRN,Asia,Iran,9/5/2020,384666,1894,1835.714,22154,110,113.571,4523.952,22.275,21.589,260.547,1.294,1.336,1.03
IRN,Asia,Iran,9/6/2020,386658,1992,1869.714,22293,139,118.714,4547.379,23.427,21.989,262.182,1.635,1.396,1.06
IRN,Asia,Iran,9/7/2020,388810,2152,1942.571,22410,117,119.857,4572.688,25.309,22.846,263.558,1.376,1.41,1.08
IRN,Asia,Iran,9/8/2020,391112,2302,2031.143,22542,132,124.286,4599.761,27.073,23.888,265.11,1.552,1.462,1.08
IRN,Asia,Iran,9/9/2020,393425,2313,2096.143,22669,127,124.571,4626.964,27.203,24.652,266.604,1.494,1.465,1.06
IRN,Asia,Iran,9/10/2020,395488,2063,2106,22798,129,124.571,4651.226,24.262,24.768,268.121,1.517,1.465,1.04
IRN,Asia,Iran,9/11/2020,397801,2313,2147,22913,115,124.143,4678.429,27.203,25.25,269.474,1.352,1.46,1.07
IRN,Asia,Iran,9/12/2020,399940,2139,2182,23029,116,125,4703.585,25.156,25.662,270.838,1.364,1.47,1.09
IRN,Asia,Iran,9/13/2020,402029,2089,2195.857,23157,128,123.429,4728.153,24.568,25.825,272.343,1.505,1.452,1.11
IRN,Asia,Iran,9/14/2020,404648,2619,2262.571,23313,156,129,4758.954,30.801,26.609,274.178,1.835,1.517,1.18
IRN,Asia,Iran,9/15/2020,407353,2705,2320.143,23453,140,130.143,4790.767,31.813,27.287,275.824,1.647,1.531,1.2
IRN,Asia,Iran,9/16/2020,410334,2981,2415.571,23632,179,137.571,4825.826,35.059,28.409,277.929,2.105,1.618,1.22
IRN,Asia,Iran,9/17/2020,413149,2815,2523,23808,176,144.286,4858.932,33.106,29.672,279.999,2.07,1.697,1.21
IRN,Asia,Iran,9/18/2020,416198,3049,2628.143,23952,144,148.429,4894.791,35.858,30.909,281.693,1.694,1.746,1.22
IRN,Asia,Iran,9/19/2020,419043,2845,2729,24118,166,155.571,4928.25,33.459,32.095,283.645,1.952,1.83,1.23
IRN,Asia,Iran,9/20/2020,422140,3097,2873,24301,183,163.429,4964.673,36.423,33.789,285.797,2.152,1.922,1.25
IRN,Asia,Iran,9/21/2020,425481,3341,2976.143,24478,177,166.429,5003.966,39.293,35.002,287.879,2.082,1.957,1.26
IRN,Asia,Iran,9/22/2020,429193,3712,3120,24656,178,171.857,5047.622,43.656,36.693,289.972,2.093,2.021,1.26
IRN,Asia,Iran,9/23/2020,432798,3605,3209.143,24840,184,172.571,5090.019,42.397,37.742,292.136,2.164,2.03,1.21
IRN,Asia,Iran,9/24/2020,436319,3521,3310,25015,175,172.429,5131.428,41.41,38.928,294.195,2.058,2.028,1.17
IRN,Asia,Iran,9/25/2020,439882,3563,3383.429,25222,207,181.429,5173.332,41.903,39.792,296.629,2.434,2.134,1.15
IRN,Asia,Iran,9/26/2020,443086,3204,3434.714,25394,172,182.286,5211.013,37.681,40.395,298.652,2.023,2.144,1.12
IRN,Asia,Iran,9/27/2020,446448,3362,3472.571,25589,195,184,5250.553,39.54,40.84,300.945,2.293,2.164,1.12
IRN,Asia,Iran,9/28/2020,449960,3512,3497,25779,190,185.857,5291.857,41.304,41.127,303.18,2.235,2.186,1.11
IRN,Asia,Iran,9/29/2020,453637,3677,3492,25986,207,190,5335.101,43.244,41.068,305.614,2.434,2.235,1.09
IRN,Asia,Iran,9/30/2020,457219,3582,3488.714,26169,183,189.857,5377.228,42.127,41.03,307.766,2.152,2.233,1.08
IRN,Asia,Iran,10/1/2020,461044,3825,3532.143,26380,211,195,5422.212,44.985,41.541,310.248,2.482,2.293,1.08
IRN,Asia,Iran,10/2/2020,464596,3552,3530.571,26567,187,192.143,5463.987,41.774,41.522,312.447,2.199,2.26,1.07
IRN,Asia,Iran,10/3/2020,468119,3523,3576.143,26746,179,193.143,5505.42,41.433,42.058,314.552,2.105,2.272,1.1
IRN,Asia,Iran,10/4/2020,471772,3653,3617.714,26957,211,195.429,5548.382,42.962,42.547,317.034,2.482,2.298,1.12
IRN,Asia,Iran,10/5/2020,475674,3902,3673.429,27192,235,201.857,5594.272,45.89,43.202,319.798,2.764,2.374,1.12
IRN,Asia,Iran,10/6/2020,479825,4151,3741.143,27419,227,204.714,5643.091,48.819,43.999,322.467,2.67,2.408,1.12
IRN,Asia,Iran,10/7/2020,483844,4019,3803.571,27658,239,212.714,5690.357,47.266,44.733,325.278,2.811,2.502,1.1
IRN,Asia,Iran,10/8/2020,488236,4392,3884.571,27888,230,215.429,5742.01,51.653,45.685,327.983,2.705,2.534,1.11
IRN,Asia,Iran,10/9/2020,492378,4142,3968.857,28098,210,218.714,5790.723,48.713,46.677,330.453,2.47,2.572,1.09
IRN,Asia,Iran,10/10/2020,496253,3875,4019.143,28293,195,221,5836.296,45.573,47.268,332.746,2.293,2.599,1.08
IRN,Asia,Iran,10/11/2020,500075,3822,4043.286,28544,251,226.714,5881.245,44.949,47.552,335.698,2.952,2.666,1.08
IRN,Asia,Iran,10/12/2020,504281,4206,4086.714,28816,272,232,5930.711,49.466,48.063,338.897,3.199,2.728,1.09
IRN,Asia,Iran,10/13/2020,508389,4108,4080.571,29070,254,235.857,5979.024,48.313,47.99,341.884,2.987,2.774,1.08
IRN,Asia,Iran,10/14/2020,513219,4830,4196.429,29349,279,241.571,6035.828,56.804,49.353,345.166,3.281,2.841,1.12
IRN,Asia,Iran,10/15/2020,517835,4616,4228.429,29605,256,245.286,6090.116,54.288,49.729,348.176,3.011,2.885,1.1
IRN,Asia,Iran,10/16/2020,522387,4552,4287,29870,265,253.143,6143.651,53.535,50.418,351.293,3.117,2.977,1.08
IRN,Asia,Iran,10/17/2020,526490,4103,4319.571,30123,253,261.429,6191.905,48.254,50.801,354.268,2.975,3.075,1.05
IRN,Asia,Iran,10/18/2020,530380,3890,4329.286,30375,252,261.571,6237.654,45.749,50.916,357.232,2.964,3.076,1.04
IRN,Asia,Iran,10/19/2020,534631,4251,4335.714,30712,337,270.857,6287.649,49.995,50.991,361.195,3.963,3.185,1.08
IRN,Asia,Iran,10/20/2020,539670,5039,4468.714,31034,322,280.571,6346.911,59.262,52.555,364.982,3.787,3.3,1.16
IRN,Asia,Iran,10/21/2020,545286,5616,4581,31346,312,285.286,6412.96,66.048,53.876,368.652,3.669,3.355,1.22
IRN,Asia,Iran,10/22/2020,550757,5471,4703.143,31650,304,292.143,6477.303,64.343,55.312,372.227,3.575,3.436,1.22
IRN,Asia,Iran,10/23/2020,556891,6134,4929.143,31985,335,302.143,6549.443,72.14,57.97,376.167,3.94,3.553,1.27
IRN,Asia,Iran,10/24/2020,562705,5814,5173.571,32320,335,313.857,6617.82,68.377,60.845,380.107,3.94,3.691,1.27
IRN,Asia,Iran,10/25/2020,568896,6191,5502.286,32616,296,320.143,6690.63,72.811,64.711,383.588,3.481,3.765,1.27
IRN,Asia,Iran,10/26/2020,574856,5960,5746.429,32953,337,320.143,6760.724,70.094,67.582,387.551,3.963,3.765,1.24
IRN,Asia,Iran,10/27/2020,581824,6968,6022,33299,346,323.571,6842.673,81.949,70.823,391.62,4.069,3.805,1.26
IRN,Asia,Iran,10/28/2020,588648,6824,6194.571,33714,415,338.286,6922.928,80.255,72.853,396.501,4.881,3.978,1.27
IRN,Asia,Iran,10/29/2020,596941,8293,6597.714,34113,399,351.857,7020.46,97.532,77.594,401.194,4.693,4.138,1.33
IRN,Asia,Iran,10/30/2020,604952,8011,6865.857,34478,365,356.143,7114.675,94.215,80.747,405.486,4.293,4.188,1.31
IRN,Asia,Iran,10/31/2020,612772,7820,7152.429,34864,386,363.429,7206.644,91.969,84.118,410.026,4.54,4.274,1.28
IRN,Asia,Iran,11/1/2020,620491,7719,7370.714,35298,434,383.143,7297.425,90.781,86.685,415.13,5.104,4.506,1.25
IRN,Asia,Iran,11/2/2020,628780,8289,7703.429,35738,440,397.857,7394.91,97.485,90.598,420.305,5.175,4.679,1.24
IRN,Asia,Iran,11/3/2020,637712,8932,7984,36160,422,408.714,7499.956,105.047,93.898,425.268,4.963,4.807,1.22
IRN,Asia,Iran,11/4/2020,646164,8452,8216.571,36579,419,409.286,7599.358,99.402,96.633,430.196,4.928,4.813,1.18
IRN,Asia,Iran,11/5/2020,654936,8772,8285,36985,406,410.286,7702.523,103.165,97.438,434.97,4.775,4.825,1.17
IRN,Asia,Iran,11/6/2020,663800,8864,8406.857,37409,424,418.714,7806.77,104.247,98.871,439.957,4.987,4.924,1.18
IRN,Asia,Iran,11/7/2020,673250,9450,8639.714,37832,423,424,7917.909,111.139,101.609,444.932,4.975,4.987,1.22
IRN,Asia,Iran,11/8/2020,682486,9236,8856.429,38291,459,427.571,8026.531,108.622,104.158,450.33,5.398,5.029,1.23
IRN,Asia,Iran,11/9/2020,692949,10463,9167,38749,458,430.143,8149.584,123.052,107.811,455.716,5.386,5.059,1.25
IRN,Asia,Iran,11/10/2020,703288,10339,9368,39202,453,434.571,8271.178,121.594,110.174,461.044,5.328,5.111,1.23
IRN,Asia,Iran,11/11/2020,715068,11780,9843.429,39664,462,440.714,8409.719,138.541,115.766,466.477,5.433,5.183,1.25
IRN,Asia,Iran,11/12/2020,726585,11517,10235.571,40121,457,448,8545.168,135.448,120.378,471.852,5.375,5.269,1.23
IRN,Asia,Iran,11/13/2020,738322,11737,10646,40582,461,453.286,8683.203,138.036,125.205,477.274,5.422,5.331,1.22
IRN,Asia,Iran,11/14/2020,749525,11203,10896.429,41034,452,457.429,8814.959,131.755,128.15,482.59,5.316,5.38,1.22
IRN,Asia,Iran,11/15/2020,762068,12543,11368.857,41493,459,457.429,8962.473,147.515,133.706,487.988,5.398,5.38,1.25
IRN,Asia,Iran,11/16/2020,775121,13053,11738.857,41979,486,461.429,9115.986,153.513,138.057,493.704,5.716,5.427,1.24
IRN,Asia,Iran,11/17/2020,788473,13352,12169.286,42461,482,465.571,9273.015,157.029,143.12,499.372,5.669,5.475,1.21
IRN,Asia,Iran,11/18/2020,801894,13421,12403.714,42941,480,468.143,9430.856,157.841,145.877,505.017,5.645,5.506,1.17
IRN,Asia,Iran,11/19/2020,815117,13223,12647.429,43417,476,470.857,9586.368,155.512,148.743,510.615,5.598,5.538,1.14
IRN,Asia,Iran,11/20/2020,828377,13260,12865,43896,479,473.429,9742.315,155.947,151.302,516.249,5.633,5.568,1.13
IRN,Asia,Iran,11/21/2020,841308,12931,13111.857,44327,431,470.429,9894.393,152.078,154.205,521.318,5.069,5.533,1.12
IRN,Asia,Iran,11/22/2020,854361,13053,13184.714,44802,475,472.714,10047.906,153.513,155.062,526.904,5.586,5.559,1.11
IRN,Asia,Iran,11/23/2020,866821,12460,13100,45255,453,468,10194.445,146.539,154.066,532.232,5.328,5.504,1.08
IRN,Asia,Iran,11/24/2020,880542,13721,13152.714,45738,483,468.143,10355.814,161.369,154.685,537.912,5.68,5.506,1.08
IRN,Asia,Iran,11/25/2020,894385,13843,13213,46207,469,466.571,10518.617,162.804,155.394,543.428,5.516,5.487,1.08
IRN,Asia,Iran,11/26/2020,908346,13961,13318.429,46689,482,467.429,10682.809,164.192,156.634,549.097,5.669,5.497,1.07
IRN,Asia,Iran,11/27/2020,922397,14051,13431.429,47095,406,457,10848.059,165.25,157.963,553.871,4.775,5.375,1.07
IRN,Asia,Iran,11/28/2020,935799,13402,13498.714,47486,391,451.286,11005.676,157.617,158.755,558.47,4.598,5.307,1.06
IRN,Asia,Iran,11/29/2020,948749,12950,13484,47874,388,438.857,11157.978,152.301,158.582,563.033,4.563,5.161,1.04
IRN,Asia,Iran,11/30/2020,962070,13321,13607,48246,372,427.286,11314.642,156.665,160.028,567.408,4.375,5.025,1.04
IRN,Asia,Iran,12/1/2020,975951,13881,13629.857,48628,382,412.857,11477.893,163.251,160.297,571.901,4.493,4.855,1.03
IRN,Asia,Iran,12/2/2020,989572,13621,13598.143,48990,362,397.571,11638.086,160.193,159.924,576.158,4.257,4.676,1.01
IRN,Asia,Iran,12/3/2020,1003494,13922,13592.571,49348,358,379.857,11801.819,163.733,159.859,580.368,4.21,4.467,1
IRN,Asia,Iran,12/4/2020,1016835,13341,13491.143,49695,347,371.429,11958.718,156.9,158.666,584.449,4.081,4.368,0.98
IRN,Asia,Iran,12/5/2020,1028986,12151,13312.429,50016,321,361.429,12101.623,142.905,156.564,588.225,3.775,4.251,0.95
IRN,Asia,Iran,12/6/2020,1040547,11561,13114,50310,294,348,12237.589,135.966,154.23,591.682,3.458,4.093,0.91
IRN,Asia,Iran,12/7/2020,1051374,10827,12757.714,50594,284,335.429,12364.922,127.333,150.04,595.022,3.34,3.945,0.87
IRN,Asia,Iran,12/8/2020,1062397,11023,12349.429,50917,323,327,12494.561,129.638,145.238,598.821,3.799,3.846,0.84
IRN,Asia,Iran,12/9/2020,1072620,10223,11864,51212,295,317.429,12614.791,120.23,139.529,602.29,3.469,3.733,0.82
IRN,Asia,Iran,12/10/2020,1083023,10403,11361.286,51496,284,306.857,12737.137,122.347,133.617,605.63,3.34,3.609,0.81
IRN,Asia,Iran,12/11/2020,1092407,9384,10796,51727,231,290.286,12847.5,110.363,126.969,608.347,2.717,3.414,0.78
IRN,Asia,Iran,12/12/2020,1100818,8411,10261.714,51949,222,276.143,12946.42,98.919,120.685,610.958,2.611,3.248,0.76
IRN,Asia,Iran,12/13/2020,1108269,7451,9674.571,52196,247,269.429,13034.049,87.629,113.78,613.863,2.905,3.169,0.74
IRN,Asia,Iran,12/14/2020,1115770,7501,9199.429,52447,251,264.714,13122.266,88.217,108.192,616.815,2.952,3.113,0.74
IRN,Asia,Iran,12/15/2020,1123474,7704,8725.286,52670,223,250.429,13212.871,90.605,102.616,619.437,2.623,2.945,0.74
IRN,Asia,Iran,12/16/2020,1131077,7603,8351,52883,213,238.714,13302.287,89.417,98.214,621.943,2.505,2.807,0.75
IRN,Asia,Iran,12/17/2020,1138530,7453,7929.571,53095,212,228.429,13389.94,87.653,93.258,624.436,2.493,2.686,0.75
IRN,Asia,Iran,12/18/2020,1145651,7121,7606.286,53273,178,220.857,13473.688,83.748,89.455,626.529,2.093,2.597,0.76
IRN,Asia,Iran,12/19/2020,1152072,6421,7322,53448,175,214.143,13549.204,75.516,86.112,628.587,2.058,2.518,0.76
IRN,Asia,Iran,12/20/2020,1158384,6312,7159.286,53625,177,204.143,13623.438,74.234,84.198,630.669,2.082,2.401,0.77
IRN,Asia,Iran,12/21/2020,1164535,6151,6966.429,53816,191,195.571,13695.778,72.34,81.93,632.915,2.246,2.3,0.77
IRN,Asia,Iran,12/22/2020,1170743,6208,6752.714,54003,187,190.429,13768.788,73.011,79.417,635.115,2.199,2.24,0.77
IRN,Asia,Iran,12/23/2020,1177004,6261,6561,54156,153,181.857,13842.422,73.634,77.162,636.914,1.799,2.139,0.79
IRN,Asia,Iran,12/24/2020,1183182,6178,6378.857,54308,152,173.286,13915.08,72.658,75.02,638.702,1.788,2.038,0.8
IRN,Asia,Iran,12/25/2020,1189203,6021,6221.714,54440,132,166.714,13985.891,70.811,73.172,640.254,1.552,1.961,0.82
IRN,Asia,Iran,12/26/2020,1194963,5760,6127.286,54574,134,160.857,14053.633,67.742,72.061,641.83,1.576,1.892,0.84
IRN,Asia,Iran,12/27/2020,1200465,5502,6011.571,54693,119,152.571,14118.341,64.708,70.7,643.229,1.4,1.794,0.86
IRN,Asia,Iran,12/28/2020,1206373,5908,5976.857,54814,121,142.571,14187.823,69.482,70.292,644.652,1.423,1.677,0.88
IRN,Asia,Iran,12/29/2020,1212481,6108,5962.571,54946,132,134.714,14259.658,71.835,70.124,646.205,1.552,1.584,0.91
IRN,Asia,Iran,12/30/2020,1218753,6272,5964.143,55095,149,134.143,14333.421,73.763,70.143,647.957,1.752,1.578,0.93
IRN,Asia,Iran,12/31/2020,1225142,6389,5994.286,55223,128,130.714,14408.56,75.139,70.497,649.463,1.505,1.537,0.95
IRN,Asia,Iran,1/1/2021,1231429,6287,6032.286,55337,114,128.143,14482.5,73.94,70.944,650.803,1.341,1.507,0.96
IRN,Asia,Iran,1/2/2021,1237474,6045,6073,55438,101,123.429,14553.593,71.094,71.423,651.991,1.188,1.452,0.97
IRN,Asia,Iran,1/3/2021,1243434,5960,6138.429,55540,102,121,14623.687,70.094,72.192,653.191,1.2,1.423,0.97
IRN,Asia,Iran,1/4/2021,1249507,6073,6162,55650,110,119.429,14695.11,71.423,72.47,654.484,1.294,1.405,0.97
IRN,Asia,Iran,1/5/2021,1255620,6113,6162.714,55748,98,114.571,14767.004,71.893,72.478,655.637,1.153,1.347,0.96
IRN,Asia,Iran,1/6/2021,1261903,6283,6164.286,55830,82,105,14840.896,73.893,72.496,656.601,0.964,1.235,0.97
IRN,Asia,Iran,1/7/2021,1268263,6360,6160.143,55933,103,101.429,14915.694,74.798,72.448,657.813,1.211,1.193,0.98
IRN,Asia,Iran,1/8/2021,1274514,6251,6155,56018,85,97.286,14989.211,73.516,72.387,658.812,1,1.144,0.98
IRN,Asia,Iran,1/9/2021,1280438,5924,6137.714,56100,82,94.571,15058.881,69.671,72.184,659.777,0.964,1.112,0.99
IRN,Asia,Iran,1/10/2021,1286406,5968,6138.857,56171,71,90.143,15129.069,70.188,72.197,660.612,0.835,1.06,1
IRN,Asia,Iran,1/11/2021,1292614,6208,6158.143,56262,91,87.429,15202.08,73.011,72.424,661.682,1.07,1.028,1.01
IRN,Asia,Iran,1/12/2021,1299022,6408,6200.286,56360,98,87.429,15277.443,75.363,72.92,662.835,1.153,1.028,1.01
IRN,Asia,Iran,1/13/2021,1305339,6317,6205.143,56457,97,89.571,15351.735,74.293,72.977,663.975,1.141,1.053,1
IRN,Asia,Iran,1/14/2021,1311810,6471,6221,56538,81,86.429,15427.839,76.104,73.163,664.928,0.953,1.016,1.01
IRN,Asia,Iran,1/15/2021,1318295,6485,6254.429,56621,83,86.143,15504.107,76.268,73.557,665.904,0.976,1.013,1.01
IRN,Asia,Iran,1/16/2021,1324395,6100,6279.571,56717,96,88.143,15575.848,71.74,73.852,667.033,1.129,1.037,1
IRN,Asia,Iran,1/17/2021,1330411,6016,6286.429,56803,86,90.286,15646.6,70.753,73.933,668.045,1.011,1.062,0.99
IRN,Asia,Iran,1/18/2021,1336217,5806,6229,56886,83,89.143,15714.883,68.283,73.258,669.021,0.976,1.048,0.96
IRN,Asia,Iran,1/19/2021,1342134,5917,6158.857,56973,87,87.571,15784.471,69.588,72.433,670.044,1.023,1.03,0.96
IRN,Asia,Iran,1/20/2021,1348316,6182,6139.571,57057,84,85.714,15857.176,72.705,72.206,671.032,0.988,1.008,0.97
IRN,Asia,Iran,1/21/2021,1354520,6204,6101.429,57150,93,87.429,15930.139,72.964,71.757,672.126,1.094,1.028,0.99
IRN,Asia,Iran,1/22/2021,1360852,6332,6079.571,57225,75,86.286,16004.608,74.469,71.5,673.008,0.882,1.015,1.01
IRN,Asia,Iran,1/23/2021,1367032,6180,6091,57294,69,82.429,16077.29,72.681,71.635,673.819,0.811,0.969,1.02
IRN,Asia,Iran,1/24/2021,1372977,5945,6080.857,57383,89,82.857,16147.207,69.918,71.515,674.866,1.047,0.974,1.02
IRN,Asia,Iran,1/25/2021,1379286,6309,6152.714,57481,98,85,16221.406,74.198,72.36,676.018,1.153,1,1.02
IRN,Asia,Iran,1/26/2021,1385706,6420,6224.571,57560,79,83.857,16296.909,75.504,73.205,676.947,0.929,0.986,1.02
IRN,Asia,Iran,1/27/2021,1392314,6608,6285.429,57651,91,84.857,16374.624,77.715,73.921,678.018,1.07,0.998,1.03
IRN,Asia,Iran,1/28/2021,1398841,6527,6331.571,57736,85,83.714,16451.387,76.762,74.464,679.017,1,0.985,1.03
IRN,Asia,Iran,1/29/2021,1405414,6573,6366,57807,71,83.143,16528.69,77.303,74.869,679.852,0.835,0.978,1.03
IRN,Asia,Iran,1/30/2021,1411731,6317,6385.571,57889,82,85,16602.982,74.293,75.099,680.817,0.964,1,1.04
IRN,Asia,Iran,1/31/2021,1417999,6268,6431.714,57959,70,82.286,16676.699,73.716,75.642,681.64,0.823,0.968,1.04
IRN,Asia,Iran,2/1/2021,1424596,6597,6472.857,58038,79,79.571,16754.284,77.586,76.126,682.569,0.929,0.936,1.04
IRN,Asia,Iran,2/2/2021,1431416,6820,6530,58110,72,78.571,16834.492,80.208,76.798,683.416,0.847,0.924,1.04
IRN,Asia,Iran,2/3/2021,1438286,6870,6567.429,58189,79,76.857,16915.288,80.796,77.238,684.345,0.929,0.904,1.05
IRN,Asia,Iran,2/4/2021,1445326,7040,6640.714,58256,67,74.286,16998.084,82.796,78.1,685.133,0.788,0.874,1.06
IRN,Asia,Iran,2/5/2021,1452380,7054,6709.429,58336,80,75.571,17081.044,82.96,78.908,686.074,0.941,0.889,1.07
IRN,Asia,Iran,2/6/2021,1459370,6990,6805.571,58412,76,74.714,17163.252,82.207,80.038,686.968,0.894,0.879,1.09
IRN,Asia,Iran,2/7/2021,1466435,7065,6919.429,58469,57,72.857,17246.341,83.09,81.378,687.638,0.67,0.857,1.09
IRN,Asia,Iran,2/8/2021,1473756,7321,7022.857,58536,67,71.143,17332.441,86.1,82.594,688.426,0.788,0.837,1.08
IRN,Asia,Iran,2/9/2021,1481396,7640,7140,58625,89,73.571,17422.293,89.852,83.972,689.473,1.047,0.865,1.08
IRN,Asia,Iran,2/10/2021,1488981,7585,7242.143,58686,61,71,17511.498,89.205,85.173,690.19,0.717,0.835,1.06
IRN,Asia,Iran,2/11/2021,1496455,7474,7304.143,58751,65,70.714,17599.398,87.9,85.902,690.954,0.764,0.832,1.05
IRN,Asia,Iran,2/12/2021,1503753,7298,7339,58809,58,67.571,17685.228,85.83,86.312,691.637,0.682,0.795,1.05
IRN,Asia,Iran,2/13/2021,1510873,7120,7357.571,58883,74,67.286,17768.964,83.736,86.53,692.507,0.87,0.791,1.05
IRN,Asia,Iran,2/14/2021,1518263,7390,7404,58945,62,68,17855.876,86.912,87.076,693.236,0.729,0.8,1.07
IRN,Asia,Iran,2/15/2021,1526023,7760,7466.714,59028,83,70.286,17947.139,91.263,87.814,694.212,0.976,0.827,1.07
IRN,Asia,Iran,2/16/2021,1534034,8011,7519.714,59117,89,70.286,18041.354,94.215,88.437,695.259,1.047,0.827,1.07
IRN,Asia,Iran,2/17/2021,1542076,8042,7585,59184,67,71.143,18135.934,94.58,89.205,696.047,0.788,0.837,1.06
IRN,Asia,Iran,2/18/2021,1550142,8066,7669.571,59264,80,73.286,18230.796,94.862,90.2,696.988,0.941,0.862,1.07
IRN,Asia,Iran,2/19/2021,1558159,8017,7772.286,59341,77,76,18325.082,94.286,91.408,697.893,0.906,0.894,1.07
IRN,Asia,Iran,2/20/2021,1566081,7922,7886.857,59409,68,75.143,18418.25,93.168,92.755,698.693,0.8,0.884,1.08
IRN,Asia,Iran,2/21/2021,1574012,7931,7964.143,59483,74,76.857,18511.525,93.274,93.664,699.563,0.87,0.904,1.07
IRN,Asia,Iran,2/22/2021,1582275,8263,8036,59572,89,77.714,18608.704,97.179,94.509,700.61,1.047,0.914,1.06
IRN,Asia,Iran,2/23/2021,1590605,8330,8081.571,59663,91,78,18706.671,97.967,95.045,701.68,1.07,0.917,1.04
IRN,Asia,Iran,2/24/2021,1598875,8270,8114.143,59736,73,78.857,18803.932,97.261,95.428,702.539,0.859,0.927,1.03
IRN,Asia,Iran,2/25/2021,1607081,8206,8134.143,59830,94,80.857,18900.44,96.509,95.663,703.644,1.106,0.951,1.03
IRN,Asia,Iran,2/26/2021,1615184,8103,8146.429,59899,69,79.714,18995.737,95.297,95.808,704.456,0.811,0.937,1.03
IRN,Asia,Iran,2/27/2021,1623159,7975,8154,59980,81,81.571,19089.529,93.792,95.897,705.408,0.953,0.959,1.04
IRN,Asia,Iran,2/28/2021,1631169,8010,8165.286,60073,93,84.286,19183.733,94.203,96.03,706.502,1.094,0.991,1.05
IRN,Asia,Iran,3/1/2021,1639679,8510,8200.571,60181,108,87,19283.816,100.084,96.445,707.772,1.27,1.023,1.04
IRN,Asia,Iran,3/2/2021,1648174,8495,8224.143,60267,86,86.286,19383.724,99.907,96.722,708.784,1.011,1.015,1.02
IRN,Asia,Iran,3/3/2021,1656699,8525,8260.571,60353,86,88.143,19483.984,100.26,97.15,709.795,1.011,1.037,1.02
IRN,Asia,Iran,3/4/2021,1665103,8404,8288.857,60431,78,85.857,19582.821,98.837,97.483,710.712,0.917,1.01,1.02
IRN,Asia,Iran,3/5/2021,1673470,8367,8326.571,60512,81,87.571,19681.223,98.402,97.927,711.665,0.953,1.03,1.03
IRN,Asia,Iran,3/6/2021,1681682,8212,8360.429,60594,82,87.714,19777.802,96.579,98.325,712.629,0.964,1.032,1.03
IRN,Asia,Iran,3/7/2021,1689692,8010,8360.429,60687,93,87.714,19872.006,94.203,98.325,713.723,1.094,1.032,1.02
IRN,Asia,Iran,3/8/2021,1698005,8313,8332.286,60786,99,86.429,19969.773,97.767,97.994,714.888,1.164,1.016,1.01
IRN,Asia,Iran,3/9/2021,1706559,8554,8340.714,60867,81,85.714,20070.374,100.601,98.093,715.84,0.953,1.008,1
IRN,Asia,Iran,3/10/2021,1715162,8603,8351.857,60928,61,82.143,20171.551,101.178,98.224,716.558,0.717,0.966,0.99
IRN,Asia,Iran,3/11/2021,1723470,8308,8338.143,61016,88,83.571,20269.259,97.708,98.063,717.592,1.035,0.983,0.99
IRN,Asia,Iran,3/12/2021,1731558,8088,8298.286,61069,53,79.571,20364.38,95.121,97.594,718.216,0.623,0.936,0.99
IRN,Asia,Iran,3/13/2021,1739360,7802,8239.714,61142,73,78.286,20456.137,91.757,96.905,719.074,0.859,0.921,0.99
IRN,Asia,Iran,3/14/2021,1746953,7593,8180.143,61230,88,77.571,20545.437,89.299,96.204,720.109,1.035,0.912,0.98
IRN,Asia,Iran,3/15/2021,1754933,7980,8132.571,61330,100,77.714,20639.287,93.851,95.645,721.285,1.176,0.914,0.97
IRN,Asia,Iran,3/16/2021,1763313,8380,8107.714,61427,97,80,20737.842,98.555,95.353,722.426,1.141,0.941,0.96
IRN,Asia,Iran,3/17/2021,1771115,7802,7993.286,61492,65,80.571,20829.599,91.757,94.007,723.191,0.764,0.948,0.93
IRN,Asia,Iran,3/18/2021,1778645,7530,7882.143,61581,89,80.714,20918.158,88.558,92.7,724.237,1.047,0.949,0.93
IRN,Asia,Iran,3/19/2021,1786265,7620,7815.286,61649,68,82.857,21007.774,89.617,91.913,725.037,0.8,0.974,0.96
IRN,Asia,Iran,3/20/2021,1793805,7540,7777.857,61724,75,83.143,21096.45,88.676,91.473,725.919,0.882,0.978,0.98
IRN,Asia,Iran,3/21/2021,1801065,7260,7730.286,61797,73,81,21181.833,85.383,90.914,726.778,0.859,0.953,0.97
IRN,Asia,Iran,3/22/2021,1808422,7357,7641.286,61877,80,78.143,21268.357,86.524,89.867,727.718,0.941,0.919,0.94
IRN,Asia,Iran,3/23/2021,1815712,7290,7485.571,61951,74,74.857,21354.092,85.736,88.036,728.589,0.87,0.88,0.92
IRN,Asia,Iran,3/24/2021,1823317,7605,7457.429,62045,94,79,21443.533,89.44,87.705,729.694,1.106,0.929,0.95
IRN,Asia,Iran,3/25/2021,1830823,7506,7454,62142,97,80.143,21531.809,88.276,87.664,730.835,1.141,0.943,0.98
IRN,Asia,Iran,3/26/2021,1838803,7980,7505.429,62223,81,82,21625.659,93.851,88.269,731.788,0.953,0.964,1.05
IRN,Asia,Iran,3/27/2021,1846923,8120,7588.286,62308,85,83.429,21721.156,95.497,89.244,732.787,1,0.981,1.12
IRN,Asia,Iran,3/28/2021,1855674,8751,7801.286,62397,89,85.714,21824.075,102.918,91.749,733.834,1.047,1.008,1.17
IRN,Asia,Iran,3/29/2021,1864984,9310,8080.286,62478,81,85.857,21933.567,109.492,95.03,734.787,0.953,1.01,1.18
IRN,Asia,Iran,3/30/2021,1875234,10250,8503.143,62569,91,88.286,22054.114,120.547,100.003,735.857,1.07,1.038,1.19
IRN,Asia,Iran,3/31/2021,1885564,10330,8892.429,62665,96,88.571,22175.603,121.488,104.581,736.986,1.129,1.042,1.21
IRN,Asia,Iran,4/1/2021,1897314,11750,9498.714,62759,94,88.143,22313.791,138.189,111.712,738.091,1.106,1.037,1.27
IRN,Asia,Iran,4/2/2021,1908974,11660,10024.429,62876,117,93.286,22450.921,137.13,117.895,739.467,1.376,1.097,1.29
IRN,Asia,Iran,4/3/2021,1920394,11420,10495.857,62999,123,98.714,22585.229,134.307,123.439,740.914,1.447,1.161,1.31
IRN,Asia,Iran,4/4/2021,1932074,11680,10914.286,63160,161,109,22722.594,137.365,128.36,742.807,1.893,1.282,1.34
IRN,Asia,Iran,4/5/2021,1945964,13890,11568.571,63332,172,122,22885.951,163.356,136.055,744.83,2.023,1.435,1.42
IRN,Asia,Iran,4/6/2021,1963394,17430,12594.286,63506,174,133.857,23090.94,204.989,148.118,746.877,2.046,1.574,1.54
IRN,Asia,Iran,4/7/2021,1984348,20954,14112,63699,193,147.714,23337.374,246.434,165.967,749.147,2.27,1.737,1.64
IRN,Asia,Iran,4/8/2021,2006934,22586,15660,63884,185,160.714,23603.002,265.628,184.173,751.322,2.176,1.89,1.63
IRN,Asia,Iran,4/9/2021,2029412,22478,17205.429,64039,155,166.143,23867.36,264.358,202.348,753.145,1.823,1.954,1.56
IRN,Asia,Iran,4/10/2021,2049078,19666,18383.429,64232,193,176.143,24098.646,231.286,216.202,755.415,2.27,2.072,1.46
IRN,Asia,Iran,4/11/2021,2070141,21063,19723.857,64490,258,190,24346.362,247.716,231.967,758.449,3.034,2.235,1.41
IRN,Asia,Iran,4/12/2021,2093452,23311,21069.714,64764,274,204.571,24620.517,274.154,247.795,761.672,3.222,2.406,1.36
IRN,Asia,Iran,4/13/2021,2118212,24760,22116.857,65055,291,221.286,24911.712,291.196,260.11,765.094,3.422,2.602,1.32
IRN,Asia,Iran,4/14/2021,2143794,25582,22778,65359,304,237.143,25212.575,300.863,267.886,768.669,3.575,2.789,1.29
IRN,Asia,Iran,4/15/2021,2168872,25078,23134,65680,321,256.571,25507.511,294.936,272.073,772.445,3.775,3.017,1.24
IRN,Asia,Iran,4/16/2021,2194133,25261,23531.571,66008,328,281.286,25804.598,297.088,276.748,776.302,3.858,3.308,1.22
IRN,Asia,Iran,4/17/2021,2215445,21312,23766.714,66327,319,299.286,26055.243,250.645,279.514,780.054,3.752,3.52,1.17
IRN,Asia,Iran,4/18/2021,2237089,21644,23849.714,66732,405,320.286,26309.792,254.549,280.49,784.817,4.763,3.767,1.13
IRN,Asia,Iran,4/19/2021,2261435,24346,23997.571,67130,398,338,26596.119,286.327,282.229,789.498,4.681,3.975,1.1
IRN,Asia,Iran,4/20/2021,2286927,25492,24102.143,67525,395,352.857,26895.923,299.804,283.459,794.143,4.645,4.15,1.08
IRN,Asia,Iran,4/21/2021,2311813,24886,24002.714,67913,388,364.857,27188.601,292.677,282.289,798.706,4.563,4.291,1.05
IRN,Asia,Iran,4/22/2021,2335905,24092,23861.857,68366,453,383.714,27471.94,283.339,280.633,804.034,5.328,4.513,1.02
IRN,Asia,Iran,4/23/2021,2358809,22904,23525.143,68746,380,391.143,27741.308,269.368,276.673,808.503,4.469,4.6,1
IRN,Asia,Iran,4/24/2021,2377039,18230,23084.857,69120,374,399,27955.706,214.398,271.495,812.901,4.399,4.693,0.97
IRN,Asia,Iran,4/25/2021,2396204,19165,22730.714,69574,454,406,28181.1,225.394,267.33,818.241,5.339,4.775,0.95
IRN,Asia,Iran,4/26/2021,2417230,21026,22256.429,70070,496,420,28428.381,247.281,261.752,824.074,5.833,4.94,0.92
IRN,Asia,Iran,4/27/2021,2438193,20963,21609.429,70532,462,429.571,28674.921,246.54,254.143,829.508,5.433,5.052,0.9
IRN,Asia,Iran,4/28/2021,2459906,21713,21156.143,70966,434,436.143,28930.282,255.361,248.812,834.612,5.104,5.129,0.92
IRN,Asia,Iran,4/29/2021,2479805,19899,20557.143,71351,385,426.429,29164.309,234.027,241.767,839.14,4.528,5.015,0.9
IRN,Asia,Iran,4/30/2021,2499077,19272,20038.286,71758,407,430.286,29390.961,226.653,235.665,843.926,4.787,5.06,0.93
IRN,Asia,Iran,5/1/2021,2516157,17080,19874,72090,332,424.286,29591.835,200.873,233.733,847.831,3.905,4.99,0.96
IRN,Asia,Iran,5/2/2021,2534855,18698,19807.286,72484,394,415.714,29811.737,219.902,232.948,852.465,4.634,4.889,0.97
IRN,Asia,Iran,5/3/2021,2555587,20732,19765.286,72875,391,400.714,30055.56,243.823,232.454,857.063,4.598,4.713,0.93
IRN,Asia,Iran,5/4/2021,2575737,20150,19649.143,73219,344,383.857,30292.539,236.979,231.088,861.109,4.046,4.514,0.88
IRN,Asia,Iran,5/5/2021,2591609,15872,18814.714,73568,349,371.714,30479.205,186.666,221.275,865.213,4.104,4.372,0.82
IRN,Asia,Iran,5/6/2021,2610018,18409,18601.857,73906,338,365,30695.708,216.503,218.771,869.188,3.975,4.293,0.86
IRN,Asia,Iran,5/7/2021,2627094,17076,18288.143,74241,335,354.714,30896.534,200.826,215.082,873.128,3.94,4.172,0.88
IRN,Asia,Iran,5/8/2021,2640670,13576,17787.571,74524,283,347.714,31056.198,159.664,209.195,876.456,3.328,4.089,0.89
IRN,Asia,Iran,5/9/2021,2654811,14141,17136.571,74910,386,346.571,31222.506,166.308,201.539,880.996,4.54,4.076,0.89
IRN,Asia,Iran,5/10/2021,2673219,18408,16804.571,75261,351,340.857,31438.998,216.491,197.634,885.124,4.128,4.009,0.91
IRN,Asia,Iran,5/11/2021,2691352,18133,16516.429,75568,307,335.571,31652.255,213.257,194.245,888.735,3.611,3.947,0.88
IRN,Asia,Iran,5/12/2021,2707761,16409,16593.143,75934,366,338,31845.237,192.982,195.147,893.039,4.304,3.975,0.83
IRN,Asia,Iran,5/13/2021,2722007,14246,15998.429,76231,297,332.143,32012.78,167.543,188.153,896.532,3.493,3.906,0.76
IRN,Asia,Iran,5/14/2021,2732152,10145,15008.286,76433,202,313.143,32132.093,119.313,176.508,898.908,2.376,3.683,0.7
IRN,Asia,Iran,5/15/2021,2739875,7723,14172.143,76633,200,301.286,32222.921,90.828,166.675,901.26,2.352,3.543,0.74
IRN,Asia,Iran,5/16/2021,2751166,11291,13765,76936,303,289.429,32355.711,132.79,161.886,904.823,3.564,3.404,0.82
IRN,Asia,Iran,5/17/2021,2765485,14319,13180.857,77222,286,280.143,32524.113,168.402,155.016,908.187,3.364,3.295,0.86
IRN,Asia,Iran,5/18/2021,2779415,13930,12580.429,77532,310,280.571,32687.94,163.827,147.955,911.833,3.646,3.3,0.84
IRN,Asia,Iran,5/19/2021,2792204,12789,12063.286,77765,233,261.571,32838.348,150.408,141.873,914.573,2.74,3.076,0.83
IRN,Asia,Iran,5/20/2021,2804632,12428,11803.571,77994,229,251.857,32984.51,146.162,138.819,917.266,2.693,2.962,0.82
IRN,Asia,Iran,5/21/2021,2815882,11250,11961.429,78194,200,251.571,33116.818,132.308,140.675,919.618,2.352,2.959,0.82
IRN,Asia,Iran,5/22/2021,2823887,8005,12001.714,78381,187,249.714,33210.963,94.145,141.149,921.818,2.199,2.937,0.82
IRN,Asia,Iran,5/23/2021,2832518,8631,11621.714,78597,216,237.286,33312.47,101.507,136.68,924.358,2.54,2.791,0.81
IRN,Asia,Iran,5/24/2021,2843523,11005,11148.286,78848,251,232.286,33441.897,129.427,131.112,927.31,2.952,2.732,0.82
IRN,Asia,Iran,5/25/2021,2855396,11873,10854.429,79056,208,217.714,33581.532,139.635,127.656,929.756,2.446,2.56,0.84
IRN,Asia,Iran,5/26/2021,2865864,10468,10522.857,79219,163,207.714,33704.643,123.111,123.756,931.673,1.917,2.443,0.81
IRN,Asia,Iran,5/27/2021,2875858,9994,10175.143,79384,165,198.571,33822.18,117.537,119.667,933.614,1.941,2.335,0.82
IRN,Asia,Iran,5/28/2021,2886111,10253,10032.714,79568,184,196.286,33942.762,120.583,117.992,935.777,2.164,2.308,0.87
IRN,Asia,Iran,5/29/2021,2893218,7107,9904.429,79741,173,194.286,34026.346,83.583,116.483,937.812,2.035,2.285,0.89
IRN,Asia,Iran,5/30/2021,2902094,8876,9939.429,79939,198,191.714,34130.734,104.388,116.895,940.141,2.329,2.255,0.92
IRN,Asia,Iran,5/31/2021,2913136,11042,9944.714,80156,217,186.857,34260.596,129.862,116.957,942.693,2.552,2.198,0.94
IRN,Asia,Iran,6/1/2021,2923823,10687,9775.286,80327,171,181.571,34386.283,125.687,114.964,944.704,2.011,2.135,0.92
IRN,Asia,Iran,6/2/2021,2935443,11620,9939.857,80488,161,181.286,34522.943,136.66,116.9,946.597,1.893,2.132,0.93
IRN,Asia,Iran,6/3/2021,2945100,9657,9891.714,80658,170,182,34636.516,113.573,116.334,948.597,1.999,2.14,0.87
IRN,Asia,Iran,6/4/2021,2954309,9209,9742.571,80813,155,177.857,34744.82,108.305,114.58,950.42,1.823,2.092,0.86
IRN,Asia,Iran,6/5/2021,2960751,6442,9647.571,80941,128,171.429,34820.583,75.763,113.462,951.925,1.505,2.016,0.82
IRN,Asia,Iran,6/6/2021,2966363,5612,9181.286,81063,122,160.571,34886.584,66.001,107.979,953.36,1.435,1.888,0.73
IRN,Asia,Iran,6/7/2021,2971270,4907,8304.857,81183,120,146.714,34944.294,57.71,97.671,954.771,1.411,1.725,0.69
IRN,Asia,Iran,6/8/2021,2980116,8846,8041.857,81362,179,147.857,35048.33,104.035,94.578,956.876,2.105,1.739,0.88
IRN,Asia,Iran,6/9/2021,2990714,10598,7895.857,81519,157,147.286,35172.97,124.64,92.861,958.723,1.846,1.732,1.05
IRN,Asia,Iran,6/10/2021,3003112,12398,8287.429,81672,153,144.857,35318.779,145.809,97.466,960.522,1.799,1.704,1.15
IRN,Asia,Iran,6/11/2021,3013078,9966,8395.571,81796,124,140.429,35435.987,117.207,98.738,961.98,1.458,1.652,1.1
IRN,Asia,Iran,6/12/2021,3020522,7444,8538.714,81911,115,138.571,35523.533,87.547,100.421,963.333,1.352,1.63,1.07
IRN,Asia,Iran,6/13/2021,3028717,8195,8907.714,82098,187,147.857,35619.913,96.379,104.761,965.532,2.199,1.739,1.04
IRN,Asia,Iran,6/14/2021,3039432,10715,9737.429,82217,119,147.714,35745.929,126.016,114.519,966.932,1.4,1.737,1.05
IRN,Asia,Iran,6/15/2021,3049648,10216,9933.143,82351,134,141.286,35866.076,120.148,116.821,968.508,1.576,1.662,1.01
IRN,Asia,Iran,6/16/2021,3060135,10487,9917.286,82480,129,137.286,35989.411,123.335,116.634,970.025,1.517,1.615,1.01
IRN,Asia,Iran,6/17/2021,3070426,10291,9616.286,82619,139,135.286,36110.441,121.03,113.095,971.659,1.635,1.591,1
IRN,Asia,Iran,6/18/2021,3080526,10100,9635.429,82746,127,135.714,36229.224,118.783,113.32,973.153,1.494,1.596,1.02
IRN,Asia,Iran,6/19/2021,3086974,6448,9493.143,82854,108,134.714,36305.057,75.833,111.646,974.423,1.27,1.584,1.01
IRN,Asia,Iran,6/20/2021,3095135,8161,9488.286,82965,111,123.857,36401.037,95.979,111.589,975.729,1.305,1.457,1.01
IRN,Asia,Iran,6/21/2021,3105620,10485,9455.429,83101,136,126.286,36524.348,123.311,111.203,977.328,1.599,1.485,1.04
IRN,Asia,Iran,6/22/2021,3117336,11716,9669.714,83217,116,123.714,36662.136,137.789,113.723,978.692,1.364,1.455,1.08
IRN,Asia,Iran,6/23/2021,3128395,11059,9751.429,83329,112,121.286,36792.198,130.062,114.684,980.01,1.317,1.426,1.08
IRN,Asia,Iran,6/24/2021,3140129,11734,9957.571,83473,144,122,36930.199,138,117.108,981.703,1.694,1.435,1.07
IRN,Asia,Iran,6/25/2021,3150949,10820,10060.429,83588,115,120.286,37057.45,127.251,118.318,983.056,1.352,1.415,1.08
IRN,Asia,Iran,6/26/2021,3157983,7034,10144.143,83711,123,122.429,37140.175,82.725,119.302,984.502,1.447,1.44,1.07
IRN,Asia,Iran,6/27/2021,3167741,9758,10372.286,83845,134,125.714,37254.936,114.761,121.986,986.078,1.576,1.478,1.08
IRN,Asia,Iran,6/28/2021,3180092,12351,10638.857,83985,140,126.286,37400.193,145.257,125.121,987.725,1.647,1.485,1.11
IRN,Asia,Iran,6/29/2021,3192809,12717,10781.857,84127,142,130,37549.754,149.561,126.802,989.395,1.67,1.529,1.12
IRN,Asia,Iran,6/30/2021,3204557,11748,10880.286,84264,137,133.571,37687.919,138.165,127.96,991.006,1.611,1.571,1.12
IRN,Asia,Iran,7/1/2021,3218860,14303,11247.286,84389,125,130.857,37856.132,168.214,132.276,992.476,1.47,1.539,1.17
IRN,Asia,Iran,7/2/2021,3232696,13836,11678.143,84516,127,132.571,38018.854,162.721,137.343,993.97,1.494,1.559,1.21
IRN,Asia,Iran,7/3/2021,3241037,8341,11864.857,84627,111,130.857,38116.95,98.096,139.539,995.275,1.305,1.539,1.19
IRN,Asia,Iran,7/4/2021,3254818,13781,12439.571,84792,165,135.286,38279.025,162.075,146.298,997.216,1.941,1.591,1.24
IRN,Asia,Iran,7/5/2021,3270843,16025,12964.429,84949,157,137.714,38467.49,188.466,152.471,999.062,1.846,1.62,1.25
IRN,Asia,Iran,7/6/2021,3286923,16080,13444.857,85095,146,138.286,38656.603,189.112,158.121,1000.779,1.717,1.626,1.25
IRN,Asia,Iran,7/7/2021,3304135,17212,14225.429,85261,166,142.429,38859.028,202.426,167.301,1002.731,1.952,1.675,1.31
IRN,Asia,Iran,7/8/2021,3327526,23391,15523.714,85397,136,144,39134.124,275.095,182.57,1004.331,1.599,1.694,1.39
IRN,Asia,Iran,7/9/2021,3344122,16596,15918,85543,146,146.714,39329.305,195.181,187.207,1006.048,1.717,1.725,1.27
IRN,Asia,Iran,7/10/2021,3355786,11664,16392.714,85694,151,152.429,39466.482,137.177,192.79,1007.824,1.776,1.793,1.22
IRN,Asia,Iran,7/11/2021,3373450,17664,16947.429,85859,165,152.429,39674.223,207.741,199.314,1009.764,1.941,1.793,1.24
IRN,Asia,Iran,7/12/2021,3394279,20829,17633.714,86041,182,156,39919.187,244.964,207.385,1011.905,2.14,1.835,1.26
IRN,Asia,Iran,7/13/2021,3417029,22750,18586.571,86207,166,158.857,40186.744,267.557,218.592,1013.857,1.952,1.868,1.28
IRN,Asia,Iran,7/14/2021,3440400,23371,19466.429,86391,184,161.429,40461.604,274.86,228.939,1016.021,2.164,1.899,1.27
IRN,Asia,Iran,7/15/2021,3464055,23655,19504.143,86592,201,170.714,40739.804,278.2,229.383,1018.385,2.364,2.008,1.24
IRN,Asia,Iran,7/16/2021,3485940,21885,20259.714,86791,199,178.286,40997.187,257.384,238.269,1020.725,2.34,2.097,1.23
IRN,Asia,Iran,7/17/2021,3501079,15139,20756.143,86966,175,181.714,41175.233,178.046,244.107,1022.783,2.058,2.137,1.2
IRN,Asia,Iran,7/18/2021,3523263,22184,21401.857,87161,195,186,41436.133,260.9,251.701,1025.077,2.293,2.187,1.2
IRN,Asia,Iran,7/19/2021,3548704,25441,22060.714,87374,213,190.429,41735.338,299.205,259.45,1027.582,2.505,2.24,1.2
IRN,Asia,Iran,7/20/2021,3576148,27444,22731.286,87624,250,202.429,42058.099,322.761,267.336,1030.522,2.94,2.381,1.19
IRN,Asia,Iran,7/21/2021,3603527,27379,23303.857,87837,213,206.571,42380.096,321.997,274.07,1033.027,2.505,2.429,1.14
IRN,Asia,Iran,7/22/2021,3623840,20313,22826.429,88063,226,210.143,42618.992,238.896,268.455,1035.685,2.658,2.471,1.03
IRN,Asia,Iran,7/23/2021,3645654,21814,22816.286,88273,210,211.714,42875.54,256.548,268.336,1038.155,2.47,2.49,1.1
IRN,Asia,Iran,7/24/2021,3664286,18632,23315.286,88532,259,223.714,43094.666,219.126,274.205,1041.201,3.046,2.631,1.19
IRN,Asia,Iran,7/25/2021,3691432,27146,24024.143,88800,268,234.143,43413.923,319.257,282.541,1044.353,3.152,2.754,1.25
IRN,Asia,Iran,7/26/2021,3723246,31814,24934.571,89122,322,249.714,43788.078,374.156,293.249,1048.139,3.787,2.937,1.29
IRN,Asia,Iran,7/27/2021,3758197,34951,26007,89479,357,265,44199.127,411.049,305.861,1052.338,4.199,3.117,1.29
IRN,Asia,Iran,7/28/2021,3792014,33817,26926.714,89782,303,277.857,44596.84,397.712,316.678,1055.902,3.564,3.268,1.24
IRN,Asia,Iran,7/29/2021,3826447,34433,28943.857,90074,292,287.286,45001.797,404.957,340.401,1059.336,3.434,3.379,1.2
IRN,Asia,Iran,7/30/2021,3851162,24715,29358.286,90344,270,295.857,45292.463,290.666,345.275,1062.511,3.175,3.479,1.11
IRN,Asia,Iran,7/31/2021,3871008,19846,29531.714,90630,286,299.714,45525.867,233.403,347.314,1065.875,3.364,3.525,1.12
IRN,Asia,Iran,8/1/2021,3903519,32511,30298.143,90996,366,313.714,45908.22,382.353,356.328,1070.179,4.304,3.69,1.19
IRN,Asia,Iran,8/2/2021,3940708,37189,31066,91407,411,326.429,46345.589,437.37,365.359,1075.013,4.834,3.839,1.22
IRN,Asia,Iran,8/3/2021,3979727,39019,31647.143,91785,378,329.429,46804.481,458.892,372.193,1079.458,4.446,3.874,1.22
IRN,Asia,Iran,8/4/2021,4019084,39357,32438.571,92194,409,344.571,47267.348,462.867,381.501,1084.268,4.81,4.052,1.21
IRN,Asia,Iran,8/5/2021,4057758,38674,33044.429,92628,434,364.857,47722.182,454.834,388.626,1089.373,5.104,4.291,1.19
IRN,Asia,Iran,8/6/2021,4092671,34913,34501.286,93086,458,391.714,48132.785,410.602,405.76,1094.759,5.386,4.607,1.17
IRN,Asia,Iran,8/7/2021,4119110,26439,35443.143,93473,387,406.143,48443.727,310.942,416.837,1099.31,4.551,4.777,1.16
IRN,Asia,Iran,8/8/2021,4158729,39619,36458.571,94015,542,431.286,48909.675,465.948,428.779,1105.685,6.374,5.072,1.17
IRN,Asia,Iran,8/9/2021,4199537,40808,36975.571,94603,588,456.571,49389.607,479.932,434.86,1112.6,6.915,5.37,1.13
IRN,Asia,Iran,8/10/2021,4238676,39139,36992.714,95111,508,475.143,49849.91,460.303,435.061,1118.574,5.974,5.588,1.08
IRN,Asia,Iran,8/11/2021,4281217,42541,37447.571,95647,536,493.286,50350.223,500.313,440.411,1124.878,6.304,5.801,1.09
IRN,Asia,Iran,8/12/2021,4320266,39049,37501.143,96215,568,512.429,50809.467,459.245,441.041,1131.558,6.68,6.027,1.09
IRN,Asia,Iran,8/13/2021,4359385,39119,38102,96742,527,522.286,51269.535,460.068,448.107,1137.756,6.198,6.142,1.11
IRN,Asia,Iran,8/14/2021,4389085,29700,38567.857,97208,466,533.571,51618.829,349.294,453.586,1143.237,5.48,6.275,1.1
IRN,Asia,Iran,8/15/2021,4425821,36736,38156,97828,620,544.714,52050.871,432.042,448.742,1150.528,7.292,6.406,1.06
IRN,Asia,Iran,8/16/2021,4467015,41194,38211.143,98483,655,554.286,52535.342,484.471,449.391,1158.232,7.703,6.519,1.06
IRN,Asia,Iran,8/17/2021,4517243,50228,39795.286,99108,625,571,53126.06,590.718,468.021,1165.582,7.35,6.715,1.08
IRN,Asia,Iran,8/18/2021,4556417,39174,39314.286,99691,583,577.714,53586.775,460.715,462.365,1172.439,6.857,6.794,0.96
IRN,Asia,Iran,8/19/2021,4587683,31266,38202.429,100255,564,577.143,53954.486,367.711,449.288,1179.072,6.633,6.788,0.88
IRN,Asia,Iran,8/20/2021,4616516,28833,36733,100810,555,581.143,54293.583,339.097,432.007,1185.599,6.527,6.835,0.88
IRN,Asia,Iran,8/21/2021,4640695,24179,35944.286,101354,544,592.286,54577.945,284.363,422.731,1191.997,6.398,6.966,0.95
IRN,Asia,Iran,8/22/2021,4677114,36419,35899,102038,684,601.429,55006.259,428.314,422.198,1200.041,8.044,7.073,1
IRN,Asia,Iran,8/23/2021,4715771,38657,35536.571,102648,610,595,55460.893,454.634,417.936,1207.215,7.174,6.998,1.01
IRN,Asia,Iran,8/24/2021,4756394,40623,34164.429,103357,709,607,55938.649,477.756,401.799,1215.553,8.338,7.139,1.01
IRN,Asia,Iran,8/25/2021,4796377,39983,34280,104022,665,618.714,56408.879,470.229,403.158,1223.374,7.821,7.277,1.01
IRN,Asia,Iran,8/26/2021,4833135,36758,35064.571,104716,694,637.286,56841.179,432.301,412.385,1231.536,8.162,7.495,1
IRN,Asia,Iran,8/27/2021,4869414,36279,36128.286,105287,571,639.571,57267.847,426.667,424.895,1238.252,6.715,7.522,1
IRN,Asia,Iran,8/28/2021,4895448,26034,36393.286,105901,614,649.571,57574.026,306.179,428.011,1245.473,7.221,7.639,0.96
IRN,Asia,Iran,8/29/2021,4926964,31516,35692.857,106482,581,634.857,57944.677,370.651,419.774,1252.306,6.833,7.466,0.91
IRN,Asia,Iran,8/30/2021,4960744,33780,34996.143,107151,669,643.286,58341.954,397.277,411.58,1260.174,7.868,7.566,0.88
IRN,Asia,Iran,8/31/2021,4992063,31319,33667,107794,643,633.857,58710.288,368.334,395.948,1267.736,7.562,7.455,0.85
IRN,Asia,Iran,9/1/2021,5025233,33170,32693.714,108393,599,624.429,59100.391,390.103,384.502,1274.78,7.045,7.344,0.87
IRN,Asia,Iran,9/2/2021,5055512,30279,31768.143,108988,595,610.286,59456.494,356.103,373.616,1281.778,6.998,7.177,0.87
IRN,Asia,Iran,9/3/2021,5083133,27621,30531.286,109549,561,608.857,59781.338,324.843,359.07,1288.376,6.598,7.161,0.87
IRN,Asia,Iran,9/4/2021,5103537,20404,29727,110064,515,594.714,60021.303,239.966,349.611,1294.433,6.057,6.994,0.87
IRN,Asia,Iran,9/5/2021,5129407,25870,28920.429,110674,610,598.857,60325.553,304.25,340.125,1301.607,7.174,7.043,0.85
IRN,Asia,Iran,9/6/2021,5156986,27579,28034.571,111257,583,586.571,60649.902,324.349,329.707,1308.463,6.857,6.899,0.83
IRN,Asia,Iran,9/7/2021,5184124,27138,27437.286,111892,635,585.429,60969.065,319.163,322.682,1315.931,7.468,6.885,0.82
IRN,Asia,Iran,9/8/2021,5210978,26854,26535,112430,538,576.714,61284.888,315.823,312.071,1322.258,6.327,6.783,0.84
IRN,Asia,Iran,9/9/2021,5237799,26821,26041,112935,505,563.857,61600.322,315.434,306.261,1328.198,5.939,6.631,0.85
IRN,Asia,Iran,9/10/2021,5258913,21114,25111.429,113380,445,547.286,61848.638,248.316,295.329,1333.431,5.234,6.436,0.82
IRN,Asia,Iran,9/11/2021,5275567,16654,24575.714,113824,444,537.143,62044.501,195.863,289.028,1338.653,5.222,6.317,0.82
IRN,Asia,Iran,9/12/2021,5295786,20219,23768.429,114311,487,519.571,62282.291,237.79,279.534,1344.38,5.727,6.111,0.8
IRN,Asia,Iran,9/13/2021,5318327,22541,23048.714,114759,448,500.286,62547.39,265.099,271.07,1349.649,5.269,5.884,0.79
IRN,Asia,Iran,9/14/2021,5340656,22329,22361.714,115167,408,467.857,62809.995,262.605,262.99,1354.448,4.798,5.502,0.78
IRN,Asia,Iran,9/15/2021,5360387,19731,21344.143,115619,452,455.571,63042.046,232.051,251.023,1359.763,5.316,5.358,0.76
IRN,Asia,Iran,9/16/2021,5378408,18021,20087,116072,453,448.143,63253.986,211.94,236.238,1365.091,5.328,5.27,0.76
IRN,Asia,Iran,9/17/2021,5396013,17605,19585.714,116436,364,436.571,63461.034,207.048,230.342,1369.372,4.281,5.134,0.79
IRN,Asia,Iran,9/18/2021,5408860,12847,19041.857,116791,355,423.857,63612.124,151.09,223.946,1373.547,4.175,4.985,0.8
IRN,Asia,Iran,9/19/2021,5424835,15975,18435.571,117182,391,410.143,63800.001,187.878,216.816,1378.145,4.598,4.824,0.79
IRN,Asia,Iran,9/20/2021,5442232,17397,17700.714,117526,344,395.286,64004.603,204.601,208.173,1382.191,4.046,4.649,0.78
IRN,Asia,Iran,9/21/2021,5459796,17564,17020,117905,379,391.143,64211.168,206.565,200.168,1386.648,4.457,4.6,0.8
IRN,Asia,Iran,9/22/2021,5477229,17433,16691.714,118191,286,367.429,64416.193,205.025,196.307,1390.012,3.364,4.321,0.82
IRN,Asia,Iran,9/23/2021,5493591,16362,16454.714,118508,317,348,64608.622,192.429,193.519,1393.74,3.728,4.093,0.82
IRN,Asia,Iran,9/24/2021,5508885,15294,16124.571,118792,284,336.571,64788.49,179.869,189.637,1397.08,3.34,3.958,0.83
IRN,Asia,Iran,9/25/2021,5519728,10843,15838.286,119082,290,327.286,64916.012,127.522,186.27,1400.491,3.411,3.849,0.83
IRN,Asia,Iran,9/26/2021,5533520,13792,15526.429,119360,278,311.143,65078.216,162.204,182.602,1403.76,3.269,3.659,0.8
IRN,Asia,Iran,9/27/2021,5547990,14470,15108.286,119649,289,303.286,65248.394,170.178,177.684,1407.159,3.399,3.567,0.76
IRN,Asia,Iran,9/28/2021,5559691,11701,14270.714,119888,239,283.286,65386.006,137.612,167.834,1409.97,2.811,3.332,0.73
IRN,Asia,Iran,9/29/2021,5572962,13271,13676.143,120160,272,281.286,65542.082,156.077,160.841,1413.169,3.199,3.308,0.79
IRN,Asia,Iran,9/30/2021,5587040,14078,13349.857,120428,268,274.286,65707.65,165.568,157.004,1416.321,3.152,3.226,0.86
IRN,Asia,Iran,10/1/2021,5601565,14525,13240,120663,235,267.286,65878.475,170.825,155.712,1419.085,2.764,3.143,0.91
IRN,Asia,Iran,10/2/2021,5611700,10135,13138.857,120880,217,256.857,65997.669,119.195,154.523,1421.637,2.552,3.021,0.92
IRN,Asia,Iran,10/3/2021,5624128,12428,12944,121109,229,249.857,66143.832,146.162,152.231,1424.33,2.693,2.939,0.9
IRN,Asia,Iran,10/4/2021,5638735,14607,12963.571,121347,238,242.571,66315.621,171.789,152.461,1427.129,2.799,2.853,0.89
IRN,Asia,Iran,10/5/2021,5651961,13226,13181.429,121563,216,239.286,66471.168,155.547,155.023,1429.669,2.54,2.814,0.83
IRN,Asia,Iran,10/6/2021,5662458,10497,12785.143,121779,216,231.286,66594.62,123.452,150.363,1432.21,2.54,2.72,0.78
IRN,Asia,Iran,10/7/2021,5674083,11625,12434.714,122012,233,226.286,66731.339,136.718,146.241,1434.95,2.74,2.661,0.79
IRN,Asia,Iran,10/8/2021,5683980,9897,11773.571,122197,185,219.143,66847.735,116.396,138.466,1437.126,2.176,2.577,0.81
IRN,Asia,Iran,10/9/2021,5691634,7654,11419.143,122370,173,212.857,66937.751,90.017,134.297,1439.16,2.035,2.503,0.87
IRN,Asia,Iran,10/10/2021,5702890,11256,11251.714,122592,222,211.857,67070.13,132.379,132.328,1441.771,2.611,2.492,0.94
IRN,Asia,Iran,10/11/2021,5716394,13504,11094.143,122868,276,217.286,67228.947,158.817,130.475,1445.017,3.246,2.555,0.99
IRN,Asia,Iran,10/12/2021,5729785,13391,11117.714,123081,213,216.857,67386.435,157.488,130.752,1447.522,2.505,2.55,0.98
IRN,Asia,Iran,10/13/2021,5742083,12298,11375,123275,194,213.714,67531.068,144.633,133.778,1449.804,2.282,2.513,0.96
IRN,Asia,Iran,10/14/2021,5754047,11964,11423.429,123498,223,212.286,67671.774,140.705,134.348,1452.426,2.623,2.497,0.94
IRN,Asia,Iran,10/15/2021,5765904,11857,11703.429,123695,197,214,67811.221,139.447,137.641,1454.743,2.317,2.517,0.95
IRN,Asia,Iran,10/16/2021,5773419,7515,11683.571,123876,181,215.143,67899.602,88.382,137.407,1456.872,2.129,2.53,0.94
IRN,Asia,Iran,10/17/2021,5784815,11396,11703.571,124075,199,211.857,68033.628,134.025,137.643,1459.212,2.34,2.492,0.97
IRN,Asia,Iran,10/18/2021,5796659,11844,11466.429,124256,181,198.286,68172.922,139.294,134.854,1461.341,2.129,2.332,0.97
IRN,Asia,Iran,10/19/2021,5809967,13308,11454.571,124423,167,191.714,68329.433,156.512,134.714,1463.305,1.964,2.255,0.99
IRN,Asia,Iran,10/20/2021,5821737,11770,11379.143,124585,162,187.143,68467.857,138.424,133.827,1465.21,1.905,2.201,0.96
IRN,Asia,Iran,10/21/2021,5833525,11788,11354,124763,178,180.714,68606.493,138.635,133.531,1467.304,2.093,2.125,0.94
IRN,Asia,Iran,10/22/2021,5844589,11064,11240.714,124928,165,176.143,68736.613,130.121,132.199,1469.244,1.941,2.072,0.92
IRN,Asia,Iran,10/23/2021,5851670,7081,11178.714,125052,124,168,68819.891,83.278,131.47,1470.702,1.458,1.976,0.88
IRN,Asia,Iran,10/24/2021,5860844,9174,10861.286,125223,171,164,68927.784,107.893,127.737,1472.713,2.011,1.929,0.82
IRN,Asia,Iran,10/25/2021,5868360,7516,10243,125363,140,158.143,69016.178,88.394,120.465,1474.36,1.647,1.86,0.76
IRN,Asia,Iran,10/26/2021,5877456,9096,9641.286,125519,156,156.571,69123.153,106.976,113.389,1476.195,1.835,1.841,0.82
IRN,Asia,Iran,10/27/2021,5888100,10644,9480.429,125716,197,161.571,69248.334,125.181,111.497,1478.512,2.317,1.9,0.93
IRN,Asia,Iran,10/28/2021,5899509,11409,9426.286,125875,159,158.857,69382.512,134.178,110.86,1480.381,1.87,1.868,0.98
IRN,Asia,Iran,10/29/2021,5909402,9893,9259,125998,123,152.857,69498.861,116.349,108.893,1481.828,1.447,1.798,0.96
IRN,Asia,Iran,10/30/2021,5916211,6809,9220.143,126126,128,153.429,69578.94,80.079,108.436,1483.333,1.505,1.804,0.94
IRN,Asia,Iran,10/31/2021,5924638,8427,9113.429,126303,177,154.286,69678.048,99.108,107.181,1485.415,2.082,1.815,0.92
IRN,Asia,Iran,11/1/2021,5934495,9857,9447.857,126456,153,156.143,69793.973,115.925,111.114,1487.214,1.799,1.836,0.94
IRN,Asia,Iran,11/2/2021,5944599,10104,9591.857,126616,160,156.714,69912.804,118.83,112.807,1489.096,1.882,1.843,0.95
IRN,Asia,Iran,11/3/2021,5954962,10363,9551.714,126763,147,149.571,70034.68,121.876,112.335,1490.825,1.729,1.759,0.96
IRN,Asia,Iran,11/4/2021,5964824,9862,9330.714,126921,158,149.429,70150.664,115.984,109.736,1492.683,1.858,1.757,0.94
IRN,Asia,Iran,11/5/2021,5973457,8633,9150.714,127053,132,150.714,70252.195,101.53,107.619,1494.236,1.552,1.773,0.92
IRN,Asia,Iran,11/6/2021,5980260,6803,9149.857,127173,120,149.571,70332.203,80.008,107.609,1495.647,1.411,1.759,0.93
IRN,Asia,Iran,11/7/2021,5987814,7554,9025.143,127299,126,142.286,70421.043,88.841,106.142,1497.129,1.482,1.673,0.88
IRN,Asia,Iran,11/8/2021,5996155,8341,8808.571,127439,140,140.429,70519.14,98.096,103.595,1498.775,1.647,1.652,0.85
IRN,Asia,Iran,11/9/2021,6004460,8305,8551.571,127551,112,133.571,70616.812,97.673,100.573,1500.092,1.317,1.571,0.84
IRN,Asia,Iran,11/10/2021,6012408,7948,8206.571,127686,135,131.857,70710.287,93.474,96.515,1501.68,1.588,1.551,0.83
IRN,Asia,Iran,11/11/2021,6019947,7539,7874.714,127809,123,126.857,70798.951,88.664,92.612,1503.127,1.447,1.492,0.83
IRN,Asia,Iran,11/12/2021,6027269,7322,7687.429,127918,109,123.571,70885.063,86.112,90.41,1504.409,1.282,1.453,0.84
IRN,Asia,Iran,11/13/2021,6031575,4306,7330.714,128042,124,124.143,70935.705,50.642,86.215,1505.867,1.458,1.46,0.82
IRN,Asia,Iran,11/14/2021,6037718,6143,7129.143,128167,125,124,71007.951,72.246,83.844,1507.337,1.47,1.458,0.83
IRN,Asia,Iran,11/15/2021,6045212,7494,7008.143,128272,105,119,71096.086,88.135,82.421,1508.572,1.235,1.4,0.84
IRN,Asia,Iran,11/16/2021,6051642,6430,6740.286,128406,134,122.143,71171.707,75.621,79.271,1510.148,1.576,1.436,0.79
IRN,Asia,Iran,11/17/2021,6057893,6251,6497.857,128531,125,120.714,71245.223,73.516,76.42,1511.618,1.47,1.42,0.78
IRN,Asia,Iran,11/18/2021,6063775,5882,6261.143,128634,103,117.857,71314.4,69.177,73.636,1512.829,1.211,1.386,0.78
IRN,Asia,Iran,11/19/2021,6069559,5784,6041.429,128734,100,116.571,71382.424,68.024,71.052,1514.005,1.176,1.371,0.8
IRN,Asia,Iran,11/20/2021,6073098,3539,5931.857,128852,118,115.714,71424.045,41.621,69.763,1515.393,1.388,1.361,0.79
IRN,Asia,Iran,11/21/2021,6077438,4340,5674.286,128956,104,112.714,71475.087,51.042,66.734,1516.616,1.223,1.326,0.77
IRN,Asia,Iran,11/22/2021,6082865,5427,5379,129053,97,111.571,71538.912,63.825,63.261,1517.757,1.141,1.312,0.77
IRN,Asia,Iran,11/23/2021,6088009,5144,5195.286,129177,124,110.143,71599.409,60.497,61.1,1519.215,1.458,1.295,0.76
IRN,Asia,Iran,11/24/2021,6092822,4813,4989.857,129280,103,107,71656.014,56.604,58.684,1520.427,1.211,1.258,0.76
IRN,Asia,Iran,11/25/2021,6097672,4850,4842.429,129376,96,106,71713.053,57.04,56.95,1521.556,1.129,1.247,0.78
IRN,Asia,Iran,11/26/2021,6102056,4384,4642.429,129462,86,104,71764.612,51.559,54.598,1522.567,1.011,1.223,0.8
IRN,Asia,Iran,11/27/2021,6105101,3045,4571.857,129549,87,99.571,71800.424,35.811,53.768,1523.59,1.023,1.171,0.82
IRN,Asia,Iran,11/28/2021,6108882,3781,4492,129629,80,96.143,71844.891,44.467,52.829,1524.531,0.941,1.131,0.8
IRN,Asia,Iran,11/29/2021,6113192,4310,4332.429,129711,82,94,71895.58,50.689,50.953,1525.496,0.964,1.106,0.79
IRN,Asia,Iran,11/30/2021,6117445,4253,4205.143,129830,119,93.286,71945.598,50.018,49.456,1526.895,1.4,1.097,0.79
IRN,Asia,Iran,12/1/2021,6121757,4312,4133.571,129912,82,90.286,71996.31,50.712,48.614,1527.86,0.964,1.062,0.8
IRN,Asia,Iran,12/2/2021,6125596,3839,3989.143,129988,76,87.429,72041.46,45.149,46.915,1528.753,0.894,1.028,0.79
IRN,Asia,Iran,12/3/2021,6129199,3603,3877.571,130066,78,86.286,72083.834,42.374,45.603,1529.671,0.917,1.015,0.79
IRN,Asia,Iran,12/4/2021,6131356,2157,3750.714,130124,58,82.143,72109.202,25.368,44.111,1530.353,0.682,0.966,0.79
IRN,Asia,Iran,12/5/2021,6134465,3109,3654.714,130200,76,81.571,72145.766,36.564,42.982,1531.247,0.894,0.959,0.79
IRN,Asia,Iran,12/6/2021,6137821,3356,3518.429,130277,77,80.857,72185.235,39.469,41.379,1532.152,0.906,0.951,0.77
IRN,Asia,Iran,12/7/2021,6141335,3514,3412.857,130356,79,75.143,72226.562,41.327,40.138,1533.081,0.929,0.884,0.78
IRN,Asia,Iran,12/8/2021,6144644,3309,3269.571,130446,90,76.286,72265.478,38.916,38.453,1534.14,1.058,0.897,0.79
IRN,Asia,Iran,12/9/2021,6147872,3228,3182.286,130524,78,76.571,72303.442,37.964,37.426,1535.057,0.917,0.901,0.8
IRN,Asia,Iran,12/10/2021,6150843,2971,3092,130603,79,76.714,72338.383,34.941,36.364,1535.986,0.929,0.902,0.8
IRN,Asia,Iran,12/11/2021,6152524,1681,3024,130661,58,76.714,72358.153,19.77,35.564,1536.668,0.682,0.902,0.79
IRN,Asia,Iran,12/12/2021,6154813,2289,2906.857,130722,61,74.571,72385.073,26.92,34.187,1537.386,0.717,0.877,0.76
IRN,Asia,Iran,12/13/2021,6157519,2706,2814,130764,42,69.571,72416.898,31.825,33.095,1537.88,0.494,0.818,0.76
IRN,Asia,Iran,12/14/2021,6160303,2784,2709.714,130831,67,67.857,72449.639,32.742,31.868,1538.668,0.788,0.798,0.77
IRN,Asia,Iran,12/15/2021,6162954,2651,2615.714,130883,52,62.429,72480.817,31.178,30.763,1539.279,0.612,0.734,0.78
IRN,Asia,Iran,12/16/2021,6165454,2500,2511.714,130946,63,60.286,72510.219,29.402,29.54,1540.02,0.741,0.709,0.78
IRN,Asia,Iran,12/17/2021,6167650,2196,2401,130992,46,55.571,72536.045,25.827,28.238,1540.561,0.541,0.654,0.78
IRN,Asia,Iran,12/18/2021,6169011,1361,2355.286,131033,41,53.143,72552.052,16.006,27.7,1541.043,0.482,0.625,0.81
IRN,Asia,Iran,12/19/2021,6170979,1968,2309.429,131083,50,51.571,72575.197,23.145,27.161,1541.631,0.588,0.607,0.81
IRN,Asia,Iran,12/20/2021,6173369,2390,2264.286,131124,41,51.429,72603.305,28.108,26.63,1542.114,0.482,0.605,0.81
IRN,Asia,Iran,12/21/2021,6175782,2413,2211.286,131167,43,48,72631.684,28.379,26.006,1542.619,0.506,0.565,0.8
IRN,Asia,Iran,12/22/2021,6177885,2103,2133,131211,44,46.857,72656.416,24.733,25.086,1543.137,0.517,0.551,0.79
IRN,Asia,Iran,12/23/2021,6179817,1932,2051.857,131262,51,45.143,72679.138,22.722,24.131,1543.736,0.6,0.531,0.78
IRN,Asia,Iran,12/24/2021,6181784,1967,2019.143,131306,44,44.857,72702.272,23.133,23.747,1544.254,0.517,0.528,0.82
IRN,Asia,Iran,12/25/2021,6182905,1121,1984.857,131348,42,45,72715.455,13.184,23.343,1544.748,0.494,0.529,0.85
IRN,Asia,Iran,12/26/2021,6184762,1857,1969,131400,52,45.286,72737.295,21.84,23.157,1545.359,0.612,0.533,0.87
IRN,Asia,Iran,12/27/2021,6186729,1967,1908.571,131434,34,44.286,72760.428,23.133,22.446,1545.759,0.4,0.521,0.84
IRN,Asia,Iran,12/28/2021,6188857,2128,1867.857,131474,40,43.857,72785.455,25.027,21.967,1546.23,0.47,0.516,0.85
IRN,Asia,Iran,12/29/2021,6190762,1905,1839.571,131527,53,45.143,72807.859,22.404,21.635,1546.853,0.623,0.531,0.86
IRN,Asia,Iran,12/30/2021,6192698,1936,1840.143,131572,45,44.286,72830.628,22.769,21.641,1547.382,0.529,0.521,0.85
IRN,Asia,Iran,12/31/2021,6194401,1703,1802.429,131606,34,42.857,72850.657,20.029,21.198,1547.782,0.4,0.504,0.85
IRN,Asia,Iran,1/1/2022,6195403,1002,1785.429,131639,33,41.571,72862.441,11.784,20.998,1548.17,0.388,0.489,0.87
IRN,Asia,Iran,1/2/2022,6196913,1510,1735.857,131680,41,40,72880.2,17.759,20.415,1548.652,0.482,0.47,0.84
IRN,Asia,Iran,1/3/2022,6198590,1677,1694.429,131702,22,38.286,72899.922,19.723,19.928,1548.911,0.259,0.45,0.8
IRN,Asia,Iran,1/4/2022,6200296,1706,1634.143,131736,34,37.429,72919.986,20.064,19.219,1549.311,0.4,0.44,0.77
IRN,Asia,Iran,1/5/2022,6201467,1171,1529.286,131778,42,35.857,72933.758,13.772,17.986,1549.805,0.494,0.422,0.72
IRN,Asia,Iran,1/6/2022,6203046,1579,1478.286,131802,24,32.857,72952.328,18.57,17.386,1550.087,0.282,0.386,0.78
IRN,Asia,Iran,1/7/2022,6204224,1178,1403.286,131821,19,30.714,72966.182,13.854,16.504,1550.311,0.223,0.361,0.79
IRN,Asia,Iran,1/8/2022,6204925,701,1360.286,131847,26,29.714,72974.427,8.244,15.998,1550.617,0.306,0.349,0.9
IRN,Asia,Iran,1/9/2022,6206405,1480,1356,131878,31,28.286,72991.832,17.406,15.948,1550.981,0.365,0.333,1.01
IRN,Asia,Iran,1/10/2022,6208337,1932,1392.429,131915,37,30.429,73014.554,22.722,16.376,1551.416,0.435,0.358,1.1
IRN,Asia,Iran,1/11/2022,6210298,1961,1428.857,131940,25,29.143,73037.617,23.063,16.804,1551.71,0.294,0.343,1.15
IRN,Asia,Iran,1/12/2022,6212387,2089,1560,131972,32,27.714,73062.185,24.568,18.347,1552.087,0.376,0.326,1.24
IRN,Asia,Iran,1/13/2022,6214781,2394,1676.429,132002,30,28.571,73090.34,28.155,19.716,1552.439,0.353,0.336,1.3
IRN,Asia,Iran,1/14/2022,6217320,2539,1870.857,132026,24,29.286,73120.201,29.86,22.003,1552.722,0.282,0.344,1.34
IRN,Asia,Iran,1/15/2022,6218741,1421,1973.714,132044,18,28.143,73136.913,16.712,23.212,1552.933,0.212,0.331,1.32
IRN,Asia,Iran,1/16/2022,6221033,2292,2089.714,132075,31,28.143,73163.868,26.956,24.577,1553.298,0.365,0.331,1.37
IRN,Asia,Iran,1/17/2022,6224196,3163,2265.571,132095,20,25.714,73201.067,37.199,26.645,1553.533,0.235,0.302,1.47
IRN,Asia,Iran,1/18/2022,6227849,3653,2507.286,132113,18,24.714,73244.029,42.962,29.488,1553.745,0.212,0.291,1.59
IRN,Asia,Iran,1/19/2022,6231909,4060,2788.857,132132,19,22.857,73291.778,47.749,32.799,1553.968,0.223,0.269,1.67
IRN,Asia,Iran,1/20/2022,6236567,4658,3112.286,132152,20,21.429,73346.559,54.781,36.603,1554.204,0.235,0.252,1.72
IRN,Asia,Iran,1/21/2022,6241843,5276,3503.286,132172,20,20.857,73408.609,62.05,41.201,1554.439,0.235,0.245,1.74
IRN,Asia,Iran,1/22/2022,6245346,3503,3800.714,132202,30,22.571,73449.807,41.198,44.699,1554.792,0.353,0.265,1.72
IRN,Asia,Iran,1/23/2022,6250490,5144,4208.143,132230,28,22.143,73510.304,60.497,49.491,1555.121,0.329,0.26,1.76
IRN,Asia,Iran,1/24/2022,6258181,7691,4855,132251,21,22.286,73600.756,90.452,57.098,1555.368,0.247,0.262,1.95
IRN,Asia,Iran,1/25/2022,6267559,9378,5672.857,132274,23,23,73711.048,110.292,66.717,1555.638,0.27,0.27,2.11
IRN,Asia,Iran,1/26/2022,6279410,11851,6785.857,132303,29,24.429,73850.424,139.376,79.807,1555.979,0.341,0.287,2.26
IRN,Asia,Iran,1/27/2022,6293695,14285,8161.143,132333,30,25.857,74018.426,168.002,95.981,1556.332,0.353,0.304,2.3
IRN,Asia,Iran,1/28/2022,6310452,16757,9801.286,132356,23,26.286,74215.501,197.074,115.27,1556.603,0.27,0.309,2.27
IRN,Asia,Iran,1/29/2022,6322183,11731,10976.714,132380,24,25.429,74353.466,137.965,129.094,1556.885,0.282,0.299,2.19
IRN,Asia,Iran,1/30/2022,6344179,21996,13384.143,132424,44,27.714,74612.155,258.689,157.407,1557.402,0.517,0.326,2.35
IRN,Asia,Iran,1/31/2022,6373174,28995,16427.571,132454,30,29,74953.157,341.002,193.2,1557.755,0.353,0.341,2.39
IRN,Asia,Iran,2/1/2022,6408244,35070,20097.857,132504,50,32.857,75365.606,412.449,236.365,1558.343,0.588,0.386,2.34
IRN,Asia,Iran,2/2/2022,6446404,38160,23856.286,132563,59,37.143,75814.395,448.789,280.567,1559.037,0.694,0.437,2.16
IRN,Asia,Iran,2/3/2022,6483799,37395,27157.714,132624,61,41.571,76254.187,439.792,319.394,1559.755,0.717,0.489,1.91
IRN,Asia,Iran,2/4/2022,6520707,36908,30036.429,132681,57,46.429,76688.252,434.065,353.25,1560.425,0.67,0.546,1.69
IRN,Asia,Iran,2/5/2022,6543837,23130,31664.857,132745,64,52.143,76960.278,272.026,372.402,1561.178,0.753,0.613,1.54
IRN,Asia,Iran,2/6/2022,6579266,35429,33583.857,132830,85,58,77376.949,416.671,394.971,1562.177,1,0.682,1.45
IRN,Asia,Iran,2/7/2022,6619085,39819,35130.143,132934,104,68.571,77845.249,468.3,413.156,1563.4,1.223,0.806,1.36
IRN,Asia,Iran,2/8/2022,6657842,38757,35656.857,133048,114,77.714,78301.06,455.81,419.351,1564.741,1.341,0.914,1.27
IRN,Asia,Iran,2/9/2022,6696927,39085,35789,133164,116,85.857,78760.728,459.668,420.905,1566.105,1.364,1.01,1.21
IRN,Asia,Iran,2/10/2022,6730608,33681,35258.429,133294,130,95.714,79156.841,396.113,414.665,1567.634,1.529,1.126,1.1
IRN,Asia,Iran,2/11/2022,6761855,31247,34449.714,133437,143,108,79524.328,367.487,405.154,1569.316,1.682,1.27,1.03
IRN,Asia,Iran,2/12/2022,6780453,18598,33802.286,133570,133,117.857,79743.054,218.726,397.539,1570.88,1.564,1.386,0.99
IRN,Asia,Iran,2/13/2022,6806265,25812,32428.429,133718,148,126.857,80046.622,303.568,381.382,1572.621,1.741,1.492,0.9
IRN,Asia,Iran,2/14/2022,6835221,28956,30876.571,133886,168,136,80387.165,340.544,363.131,1574.597,1.976,1.599,0.81
IRN,Asia,Iran,2/15/2022,6860255,25034,28916.143,134053,167,143.571,80681.584,294.418,340.075,1576.561,1.964,1.689,0.71
IRN,Asia,Iran,2/16/2022,6876565,16310,25662.571,134238,185,153.429,80873.401,191.817,301.81,1578.736,2.176,1.804,0.64
IRN,Asia,Iran,2/17/2022,6894110,17545,23357.429,134420,182,160.857,81079.743,206.342,274.7,1580.877,2.14,1.892,0.67
IRN,Asia,Iran,2/18/2022,6913427,19317,21653.143,134607,187,167.143,81306.925,227.182,254.657,1583.076,2.199,1.966,0.75
IRN,Asia,Iran,2/19/2022,6925485,12058,20718.857,134798,191,175.429,81448.736,141.811,243.669,1585.322,2.246,2.063,0.8
IRN,Asia,Iran,2/20/2022,6942452,16967,19455.286,135040,242,188.857,81648.28,199.544,228.808,1588.169,2.846,2.221,0.78
IRN,Asia,Iran,2/21/2022,6961562,19110,18048.714,135276,236,198.571,81873.027,224.747,212.266,1590.944,2.776,2.335,0.75
IRN,Asia,Iran,2/22/2022,6983635,22073,17625.714,135499,223,206.571,82132.622,259.595,207.291,1593.567,2.623,2.429,0.76
IRN,Asia,Iran,2/23/2022,6998975,15340,17487.143,135726,227,212.571,82313.031,180.41,205.662,1596.236,2.67,2.5,0.7
IRN,Asia,Iran,2/24/2022,7011932,12957,16831.714,135952,226,218.857,82465.415,152.384,197.953,1598.894,2.658,2.574,0.65
IRN,Asia,Iran,2/25/2022,7023904,11972,15782.429,136166,214,222.714,82606.215,140.799,185.613,1601.411,2.517,2.619,0.65
IRN,Asia,Iran,2/26/2022,7030943,7039,15065.429,136390,224,227.429,82688.998,82.784,177.18,1604.046,2.634,2.675,0.65
IRN,Asia,Iran,2/27/2022,7040467,9524,14002.143,136631,241,227.286,82801.008,112.009,164.675,1606.88,2.834,2.673,0.6
IRN,Asia,Iran,2/28/2022,7051429,10962,12838.143,136838,207,223.143,82929.929,128.921,150.986,1609.314,2.434,2.624,0.54
IRN,Asia,Iran,3/1/2022,7060741,9312,11015.143,137064,226,223.571,83039.445,109.516,129.546,1611.972,2.658,2.629,0.48
IRN,Asia,Iran,3/2/2022,7066975,6234,9714.286,137267,203,220.143,83112.761,73.316,114.247,1614.36,2.387,2.589,0.46
IRN,Asia,Iran,3/3/2022,7073747,6772,8830.714,137439,172,212.429,83192.405,79.644,103.856,1616.383,2.023,2.498,0.5
IRN,Asia,Iran,3/4/2022,7080217,6470,8044.714,137593,154,203.857,83268.496,76.092,94.612,1618.194,1.811,2.398,0.56
IRN,Asia,Iran,3/5/2022,7084306,4089,7623.286,137747,154,193.857,83316.586,48.09,89.655,1620.005,1.811,2.28,0.59
IRN,Asia,Iran,3/6/2022,7089892,5586,7060.714,137948,201,188.143,83382.281,65.695,83.039,1622.369,2.364,2.213,0.57
IRN,Asia,Iran,3/7/2022,7096318,6426,6412.714,138116,168,182.571,83457.856,75.574,75.418,1624.345,1.976,2.147,0.54
IRN,Asia,Iran,3/8/2022,7102159,5841,5916.857,138260,144,170.857,83526.55,68.694,69.587,1626.038,1.694,2.009,0.53
IRN,Asia,Iran,3/9/2022,7107167,5008,5741.714,138433,173,166.571,83585.448,58.898,67.527,1628.073,2.035,1.959,0.56
IRN,Asia,Iran,3/10/2022,7113591,6424,5692,138572,139,161.857,83660.999,75.551,66.942,1629.707,1.635,1.904,0.63
IRN,Asia,Iran,3/11/2022,7117544,3953,5332.429,138711,139,159.714,83707.489,46.49,62.713,1631.342,1.635,1.878,0.59
IRN,Asia,Iran,3/12/2022,7119763,2219,5065.286,138831,120,154.857,83733.586,26.097,59.571,1632.753,1.411,1.821,0.57
IRN,Asia,Iran,3/13/2022,7123093,3330,4743,138949,118,143,83772.749,39.163,55.781,1634.141,1.388,1.682,0.53
IRN,Asia,Iran,3/14/2022,7126906,3813,4369.714,139063,114,135.286,83817.593,44.844,51.391,1635.482,1.341,1.591,0.49
IRN,Asia,Iran,3/15/2022,7130129,3223,3995.714,139180,117,131.429,83855.498,37.905,46.993,1636.858,1.376,1.546,0.46
IRN,Asia,Iran,3/16/2022,7133139,3010,3710.286,139289,109,122.286,83890.898,35.4,43.636,1638.14,1.282,1.438,0.48
IRN,Asia,Iran,3/17/2022,7135719,2580,3161.143,139387,98,116.429,83921.24,30.343,37.177,1639.292,1.153,1.369,0.49
IRN,Asia,Iran,3/18/2022,7137894,2175,2907.143,139478,91,109.571,83946.82,25.58,34.19,1640.363,1.07,1.289,0.51
IRN,Asia,Iran,3/19/2022,7139217,1323,2779.143,139550,72,102.714,83962.379,15.559,32.685,1641.209,0.847,1.208,0.51
IRN,Asia,Iran,3/20/2022,7141033,1816,2562.857,139610,60,94.429,83983.737,21.357,30.141,1641.915,0.706,1.111,0.44
IRN,Asia,Iran,3/21/2022,7142287,1254,2197.286,139662,52,85.571,83998.485,14.748,25.842,1642.527,0.612,1.006,0.31
IRN,Asia,Iran,3/22/2022,7143409,1122,1897.143,139735,73,79.286,84011.68,13.196,22.312,1643.385,0.859,0.932,0.29
IRN,Asia,Iran,3/23/2022,7144532,1123,1627.571,139802,67,73.286,84024.888,13.207,19.141,1644.173,0.788,0.862,0.36
IRN,Asia,Iran,3/24/2022,7145877,1345,1451.143,139865,63,68.286,84040.706,15.818,17.066,1644.914,0.741,0.803,0.5
IRN,Asia,Iran,3/25/2022,7147407,1530,1359,139917,52,62.714,84058.7,17.994,15.983,1645.526,0.612,0.738,0.67
IRN,Asia,Iran,3/26/2022,7148789,1382,1367.429,139971,54,60.143,84074.953,16.253,16.082,1646.161,0.635,0.707,0.84
IRN,Asia,Iran,3/27/2022,7151088,2299,1436.429,140021,50,58.714,84101.991,27.038,16.893,1646.749,0.588,0.691,1.01
IRN,Asia,Iran,3/28/2022,7154003,2915,1673.714,140063,42,57.286,84136.273,34.283,19.684,1647.243,0.494,0.674,1.06
IRN,Asia,Iran,3/29/2022,7156746,2743,1905.286,140109,46,53.429,84168.533,32.26,22.408,1647.784,0.541,0.628,1.05
IRN,Asia,Iran,3/30/2022,7159733,2987,2171.571,140158,49,50.857,84203.662,35.129,25.539,1648.36,0.576,0.598,1.08
IRN,Asia,Iran,3/31/2022,7162220,2487,2334.714,140204,46,48.429,84232.911,29.249,27.458,1648.901,0.541,0.57,1.03
IRN,Asia,Iran,4/1/2022,7164484,2264,2439.571,140240,36,46.143,84259.538,26.626,28.691,1649.324,0.423,0.543,1
IRN,Asia,Iran,4/2/2022,7166371,1887,2511.714,140277,37,43.714,84281.73,22.192,29.54,1649.759,0.435,0.514,1
IRN,Asia,Iran,4/3/2022,7167646,1275,2365.429,140315,38,42,84296.725,14.995,27.819,1650.206,0.447,0.494,0.98
IRN,Asia,Iran,4/4/2022,7171165,3519,2451.714,140368,53,43.571,84338.111,41.386,28.834,1650.83,0.623,0.512,1.29
IRN,Asia,Iran,4/5/2022,7175780,4615,2719.143,140407,39,42.571,84392.387,54.276,31.979,1651.288,0.459,0.501,1.48
IRN,Asia,Iran,4/6/2022,7180008,4228,2896.429,140451,44,41.857,84442.111,49.724,34.064,1651.806,0.517,0.492,1.42
IRN,Asia,Iran,4/7/2022,7183808,3800,3084,140492,41,41.143,84486.802,44.691,36.27,1652.288,0.482,0.484,1.28
IRN,Asia,Iran,4/8/2022,7186992,3184,3215.429,140528,36,41.143,84524.248,37.446,37.816,1652.711,0.423,0.484,1.12
IRN,Asia,Iran,4/9/2022,7188749,1757,3196.857,140577,49,42.857,84544.912,20.664,37.597,1653.288,0.576,0.504,1
IRN,Asia,Iran,4/10/2022,7191643,2894,3428.143,140616,39,43,84578.947,34.036,40.317,1653.746,0.459,0.506,0.99
IRN,Asia,Iran,4/11/2022,7194768,3125,3371.857,140650,34,40.286,84615.699,36.752,39.655,1654.146,0.4,0.474,0.9
IRN,Asia,Iran,4/12/2022,7197505,2737,3103.571,140678,28,38.714,84647.889,32.189,36.5,1654.475,0.329,0.455,0.81
IRN,Asia,Iran,4/13/2022,7199861,2356,2836.143,140711,33,37.143,84675.597,27.708,33.355,1654.864,0.388,0.437,0.78
IRN,Asia,Iran,4/14/2022,7202055,2194,2606.714,140744,33,36,84701.4,25.803,30.657,1655.252,0.388,0.423,0.77
IRN,Asia,Iran,4/15/2022,7204049,1994,2436.714,140777,33,35.571,84724.851,23.451,28.658,1655.64,0.388,0.418,0.76
IRN,Asia,Iran,4/16/2022,7205064,1015,2330.714,140800,23,31.857,84736.788,11.937,27.411,1655.91,0.27,0.375,0.74
IRN,Asia,Iran,4/17/2022,7206959,1895,2188,140829,29,30.429,84759.074,22.287,25.732,1656.251,0.341,0.358,0.77
IRN,Asia,Iran,4/18/2022,7208968,2009,2028.571,140854,25,29.143,84782.702,23.627,23.857,1656.545,0.294,0.343,0.71
IRN,Asia,Iran,4/19/2022,7210788,1820,1897.571,140877,23,28.429,84804.106,21.405,22.317,1656.816,0.27,0.334,0.66
IRN,Asia,Iran,4/20/2022,7212395,1607,1790.571,140896,19,26.429,84823.006,18.899,21.058,1657.039,0.223,0.311,0.65
IRN,Asia,Iran,4/21/2022,7213808,1413,1679,140919,23,25,84839.624,16.618,19.746,1657.31,0.27,0.294,0.64
IRN,Asia,Iran,4/22/2022,7214904,1096,1550.714,140940,21,23.286,84852.513,12.89,18.238,1657.557,0.247,0.274,0.6
IRN,Asia,Iran,4/23/2022,7215512,608,1492.571,140952,12,21.714,84859.664,7.151,17.554,1657.698,0.141,0.255,0.57
IRN,Asia,Iran,4/24/2022,7216040,528,1297.286,140975,23,20.857,84865.874,6.21,15.257,1657.968,0.27,0.245,0.5
IRN,Asia,Iran,4/25/2022,7217117,1077,1164.143,140996,21,20.286,84878.54,12.666,13.691,1658.215,0.247,0.239,0.56
IRN,Asia,Iran,4/26/2022,7218424,1307,1090.857,141024,28,21,84893.911,15.371,12.829,1658.545,0.329,0.247,0.64
IRN,Asia,Iran,4/27/2022,7219433,1009,1005.429,141041,17,20.714,84905.778,11.867,11.825,1658.745,0.2,0.244,0.65
IRN,Asia,Iran,4/28/2022,7220402,969,942,141058,17,19.857,84917.174,11.396,11.079,1658.945,0.2,0.234,0.66
IRN,Asia,Iran,4/29/2022,7221121,719,888.143,141072,14,18.857,84925.63,8.456,10.445,1659.109,0.165,0.222,0.64
IRN,Asia,Iran,4/30/2022,7221653,532,877.286,141083,11,18.714,84931.887,6.257,10.318,1659.239,0.129,0.22,0.64
IRN,Asia,Iran,5/1/2022,7222308,655,895.429,141096,13,17.286,84939.59,7.703,10.531,1659.391,0.153,0.203,0.59
IRN,Asia,Iran,5/2/2022,7223005,697,841.143,141114,18,16.857,84947.787,8.197,9.892,1659.603,0.212,0.198,0.5
IRN,Asia,Iran,5/3/2022,7223576,571,736,141131,17,15.286,84954.502,6.715,8.656,1659.803,0.2,0.18,0.4
IRN,Asia,Iran,5/4/2022,7223828,252,627.857,141138,7,13.857,84957.466,2.964,7.384,1659.885,0.082,0.163,0.32
IRN,Asia,Iran,5/5/2022,7224056,228,522,141145,7,12.429,84960.148,2.681,6.139,1659.968,0.082,0.146,0.37
IRN,Asia,Iran,5/6/2022,7224431,375,472.857,141157,12,12.143,84964.558,4.41,5.561,1660.109,0.141,0.143,0.51
IRN,Asia,Iran,5/7/2022,7224701,270,435.429,141165,8,11.714,84967.733,3.175,5.121,1660.203,0.094,0.138,0.63
IRN,Asia,Iran,5/8/2022,7225189,488,411.571,141177,12,11.571,84973.473,5.739,4.84,1660.344,0.141,0.136,0.71
IRN,Asia,Iran,5/9/2022,7225759,570,393.429,141189,12,10.714,84980.176,6.704,4.627,1660.485,0.141,0.126,0.72
IRN,Asia,Iran,5/10/2022,7226219,460,377.571,141192,3,8.714,84985.586,5.41,4.441,1660.521,0.035,0.102,0.67
IRN,Asia,Iran,5/11/2022,7226672,453,406.286,141198,6,8.571,84990.914,5.328,4.778,1660.591,0.071,0.101,0.67
IRN,Asia,Iran,5/12/2022,7227043,371,426.714,141201,3,8,84995.277,4.363,5.018,1660.626,0.035,0.094,0.68
IRN,Asia,Iran,5/13/2022,7227428,385,428.143,141209,8,7.429,84999.805,4.528,5.035,1660.72,0.094,0.087,0.73
IRN,Asia,Iran,5/14/2022,7227683,255,426,141216,7,7.286,85002.804,2.999,5.01,1660.803,0.082,0.086,0.76
IRN,Asia,Iran,5/15/2022,7228051,368,408.857,141224,8,6.714,85007.132,4.328,4.808,1660.897,0.094,0.079,0.74
IRN,Asia,Iran,5/16/2022,7228434,383,382.143,141232,8,6.143,85011.636,4.504,4.494,1660.991,0.094,0.072,0.7
IRN,Asia,Iran,5/17/2022,7228786,352,366.714,141236,4,6.286,85015.776,4.14,4.313,1661.038,0.047,0.074,0.65
IRN,Asia,Iran,5/18/2022,7229074,288,343.143,141244,8,6.571,85019.163,3.387,4.036,1661.132,0.094,0.077,0.61
IRN,Asia,Iran,5/19/2022,7229354,280,330.143,141253,9,7.429,85022.456,3.293,3.883,1661.238,0.106,0.087,0.64
IRN,Asia,Iran,5/20/2022,7229582,228,307.714,141262,9,7.571,85025.137,2.681,3.619,1661.344,0.106,0.089,0.67
IRN,Asia,Iran,5/21/2022,7229741,159,294,141271,9,7.857,85027.007,1.87,3.458,1661.45,0.106,0.092,0.74
IRN,Asia,Iran,5/22/2022,7230053,312,286,141274,3,7.143,85030.677,3.669,3.364,1661.485,0.035,0.084,0.79
IRN,Asia,Iran,5/23/2022,7230321,268,269.571,141281,7,7,85033.829,3.152,3.17,1661.567,0.082,0.082,0.74
IRN,Asia,Iran,5/24/2022,7230589,268,257.571,141288,7,7.429,85036.98,3.152,3.029,1661.65,0.082,0.087,0.72
IRN,Asia,Iran,5/25/2022,7230882,293,258.286,141293,5,7,85040.426,3.446,3.038,1661.708,0.059,0.082,0.73
IRN,Asia,Iran,5/26/2022,7231099,217,249.286,141296,3,6.143,85042.978,2.552,2.932,1661.744,0.035,0.072,0.69
IRN,Asia,Iran,5/27/2022,7231284,185,243.143,141302,6,5.714,85045.154,2.176,2.86,1661.814,0.071,0.067,0.68
IRN,Asia,Iran,5/28/2022,7231387,103,235.143,141306,4,5,85046.365,1.211,2.765,1661.861,0.047,0.059,0.71
IRN,Asia,Iran,5/29/2022,7231562,175,215.571,141308,2,4.857,85048.424,2.058,2.535,1661.885,0.024,0.057,0.73
IRN,Asia,Iran,5/30/2022,7231802,240,211.571,141310,2,4.143,85051.246,2.823,2.488,1661.908,0.024,0.049,0.8
IRN,Asia,Iran,5/31/2022,7232034,232,206.429,141315,5,3.857,85053.975,2.728,2.428,1661.967,0.059,0.045,0.8
IRN,Asia,Iran,6/1/2022,7232268,234,198,141318,3,3.571,85056.727,2.752,2.329,1662.002,0.035,0.042,0.77
IRN,Asia,Iran,6/2/2022,7232443,175,192,141318,0,3.143,85058.785,2.058,2.258,1662.002,0,0.037,0.72
IRN,Asia,Iran,6/3/2022,7232614,171,190,141321,3,2.714,85060.796,2.011,2.235,1662.038,0.035,0.032,0.69
IRN,Asia,Iran,6/4/2022,7232678,64,184.429,141328,7,3.143,85061.549,0.753,2.169,1662.12,0.082,0.037,0.6
IRN,Asia,Iran,6/5/2022,7232731,53,167,141331,3,3.286,85062.172,0.623,1.964,1662.155,0.035,0.039,0.44
IRN,Asia,Iran,6/6/2022,7232790,59,141.143,141332,1,3.143,85062.866,0.694,1.66,1662.167,0.012,0.037,0.46
IRN,Asia,Iran,6/7/2022,7232929,139,127.857,141339,7,3.429,85064.501,1.635,1.504,1662.249,0.082,0.04,0.7
IRN,Asia,Iran,6/8/2022,7233117,188,121.286,141342,3,3.429,85066.712,2.211,1.426,1662.285,0.035,0.04,0.91
IRN,Asia,Iran,6/9/2022,7233319,202,125.143,141343,1,3.571,85069.087,2.376,1.472,1662.296,0.012,0.042,1.01
IRN,Asia,Iran,6/10/2022,7233472,153,122.571,141343,0,3.143,85070.887,1.799,1.442,1662.296,0,0.037,0.95
IRN,Asia,Iran,6/11/2022,7233528,56,121.429,141349,6,3,85071.545,0.659,1.428,1662.367,0.071,0.035,0.9
IRN,Asia,Iran,6/12/2022,7233688,160,136.714,141350,1,2.714,85073.427,1.882,1.608,1662.379,0.012,0.032,1
IRN,Asia,Iran,6/13/2022,7233880,192,155.714,141352,2,2.857,85075.685,2.258,1.831,1662.402,0.024,0.034,1.04
IRN,Asia,Iran,6/14/2022,7234042,162,159,141353,1,2,85077.59,1.905,1.87,1662.414,0.012,0.024,0.97
IRN,Asia,Iran,6/15/2022,7234221,179,157.714,141357,4,2.143,85079.695,2.105,1.855,1662.461,0.047,0.025,0.93
IRN,Asia,Iran,6/16/2022,7234367,146,149.714,141360,3,2.429,85081.412,1.717,1.761,1662.496,0.035,0.029,0.9
IRN,Asia,Iran,6/17/2022,7234523,156,150.143,141361,1,2.571,85083.247,1.835,1.766,1662.508,0.012,0.03,0
IRN,Asia,Iran,6/18/2022,7234597,74,152.714,141363,2,2,85084.117,0.87,1.796,1662.532,0.024,0.024,0
IRN,Asia,Iran,6/19/2022,7234757,160,152.714,141363,0,1.857,85085.999,1.882,1.796,1662.532,0,0.022,0
IRN,Asia,Iran,6/20/2022,7234988,231,158.286,141366,3,2,85088.716,2.717,1.862,1662.567,0.035,0.024,0
